{"stats":{"minecraft:dropped":{"minecraft:wheat_seeds":1,"minecraft:wooden_axe":1,"minecraft:wooden_pickaxe":1},"minecraft:crafted":{"minecraft:oak_planks":72,"minecraft:crafting_table":2,"minecraft:stick":16,"minecraft:wooden_pickaxe":2,"minecraft:stone_pickaxe":1,"minecraft:wooden_axe":1,"minecraft:stone_axe":2},"minecraft:picked_up":{"minecraft:raw_iron":6,"minecraft:stick":2,"minecraft:crafting_table":2,"minecraft:leather":8,"minecraft:gravel":6,"minecraft:porkchop":5,"minecraft:oak_log":41,"minecraft:dirt":13,"minecraft:wheat_seeds":3,"minecraft:beef":20,"minecraft:oak_sapling":2,"minecraft:sugar_cane":16,"minecraft:cobblestone":50,"minecraft:egg":1},"minecraft:killed_by":{"minecraft:creeper":1},"minecraft:killed":{"minecraft:pig":2,"minecraft:cow":9},"minecraft:custom":{"minecraft:time_since_rest":11855,"minecraft:sprint_one_cm":53812,"minecraft:damage_taken":656,"minecraft:walk_one_cm":11681,"minecraft:mob_kills":11,"minecraft:drop":3,"minecraft:damage_dealt":1100,"minecraft:interact_with_crafting_table":6,"minecraft:swim_one_cm":6289,"minecraft:fly_one_cm":66341,"minecraft:crouch_one_cm":92,"minecraft:play_time":16094,"minecraft:deaths":1,"minecraft:sneak_time":152,"minecraft:walk_under_water_one_cm":2473,"minecraft:jump":319,"minecraft:leave_game":1,"minecraft:time_since_death":11811,"minecraft:walk_on_water_one_cm":5819,"minecraft:climb_one_cm":854,"minecraft:total_world_time":16094,"minecraft:fall_one_cm":7252},"minecraft:used":{"minecraft:wooden_axe":20,"minecraft:bread":2,"minecraft:stone_pickaxe":36,"minecraft:wooden_pickaxe":36,"minecraft:stone_axe":48,"minecraft:dirt":13,"minecraft:cobblestone":1,"minecraft:crafting_table":3,"minecraft:egg":1},"minecraft:mined":{"minecraft:iron_ore":6,"minecraft:crafting_table":2,"minecraft:grass":36,"minecraft:grass_block":7,"minecraft:oak_log":41,"minecraft:dead_bush":2,"minecraft:gravel":5,"minecraft:dirt":6,"minecraft:stone":50,"minecraft:sugar_cane":10,"minecraft:oak_leaves":23}},"DataVersion":3465}