{"stats":{"minecraft:picked_up":{"minecraft:wheat":35,"minecraft:iron_chestplate":1,"minecraft:crafting_table":3,"minecraft:brown_wool":1,"minecraft:andesite":38,"minecraft:leather":11,"minecraft:wooden_pickaxe":2,"minecraft:potato":14,"minecraft:oak_log":52,"minecraft:yellow_bed":1,"minecraft:shield":1,"minecraft:lapis_lazuli":169,"minecraft:dirt":70,"minecraft:iron_leggings":1,"minecraft:beetroot":3,"minecraft:apple":2,"minecraft:wheat_seeds":113,"minecraft:beef":24,"minecraft:stone_pickaxe":3,"minecraft:iron_pickaxe":1,"minecraft:sugar_cane":66,"minecraft:oak_planks":61,"minecraft:iron_boots":1,"minecraft:egg":1,"minecraft:stick":5,"minecraft:raw_iron":41,"minecraft:oak_door":3,"minecraft:dandelion":6,"minecraft:sand":47,"minecraft:gravel":10,"minecraft:porkchop":15,"minecraft:carrot":61,"minecraft:stone_sword":2,"minecraft:beetroot_seeds":5,"minecraft:diamond":4,"minecraft:stone_axe":3,"minecraft:iron_helmet":1,"minecraft:granite":14,"minecraft:bread":19,"minecraft:oak_sapling":2,"minecraft:black_wool":1,"minecraft:mutton":11,"minecraft:coal":23,"minecraft:white_wool":9,"minecraft:cobblestone":233},"minecraft:custom":{"minecraft:interact_with_furnace":44,"minecraft:mob_kills":25,"minecraft:interact_with_crafting_table":31,"minecraft:leave_game":3,"minecraft:time_since_death":23356,"minecraft:climb_one_cm":854,"minecraft:time_since_rest":23379,"minecraft:sprint_one_cm":156546,"minecraft:damage_taken":1626,"minecraft:walk_one_cm":76478,"minecraft:damage_blocked_by_shield":10,"minecraft:drop":29,"minecraft:damage_dealt":2530,"minecraft:talked_to_villager":1,"minecraft:swim_one_cm":47148,"minecraft:fly_one_cm":203513,"minecraft:player_kills":1,"minecraft:open_chest":35,"minecraft:crouch_one_cm":2153,"minecraft:play_time":57337,"minecraft:deaths":2,"minecraft:sneak_time":1307,"minecraft:walk_under_water_one_cm":10860,"minecraft:jump":1024,"minecraft:walk_on_water_one_cm":11301,"minecraft:total_world_time":57337,"minecraft:fall_one_cm":21308},"minecraft:killed":{"minecraft:pig":6,"minecraft:sheep":8,"minecraft:cow":11},"minecraft:crafted":{"minecraft:cooked_beef":20,"minecraft:oak_door":3,"minecraft:oak_planks":112,"minecraft:cooked_porkchop":5,"minecraft:crafting_table":2,"minecraft:wooden_pickaxe":2,"minecraft:iron_helmet":1,"minecraft:iron_sword":1,"minecraft:furnace":1,"minecraft:stone_axe":2,"minecraft:bread":12,"minecraft:cooked_mutton":6,"minecraft:air":0,"minecraft:iron_boots":1,"minecraft:iron_chestplate":1,"minecraft:diamond_pickaxe":1,"minecraft:shield":1,"minecraft:iron_axe":1,"minecraft:stick":20,"minecraft:iron_ingot":31,"minecraft:iron_pickaxe":1,"minecraft:stone_pickaxe":1,"minecraft:wooden_axe":1,"minecraft:chest":1,"minecraft:iron_shovel":1,"minecraft:iron_leggings":1,"minecraft:white_bed":1},"minecraft:mined":{"minecraft:diamond_ore":3,"minecraft:oak_door":3,"minecraft:crafting_table":2,"minecraft:granite":12,"minecraft:grass_block":56,"minecraft:dead_bush":2,"minecraft:cobblestone":2,"minecraft:tall_grass":6,"minecraft:lapis_ore":25,"minecraft:sugar_cane":38,"minecraft:carrots":18,"minecraft:wheat":46,"minecraft:iron_ore":38,"minecraft:andesite":35,"minecraft:yellow_bed":1,"minecraft:beetroots":3,"minecraft:potatoes":4,"minecraft:grass":75,"minecraft:oak_log":52,"minecraft:coal_ore":23,"minecraft:deepslate_iron_ore":4,"minecraft:sand":47,"minecraft:gravel":5,"minecraft:dirt":14,"minecraft:stone":213,"minecraft:white_wool":2,"minecraft:oak_leaves":23},"minecraft:used":{"minecraft:wheat_seeds":8,"minecraft:stone_sword":2,"minecraft:iron_shovel":81,"minecraft:stone_pickaxe":131,"minecraft:shield":1,"minecraft:chest":1,"minecraft:wooden_pickaxe":36,"minecraft:iron_sword":12,"minecraft:sugar_cane":22,"minecraft:oak_door":5,"minecraft:white_wool":2,"minecraft:sand":4,"minecraft:dirt":60,"minecraft:crafting_table":5,"minecraft:carrot":58,"minecraft:granite":8,"minecraft:oak_log":1,"minecraft:wooden_axe":20,"minecraft:iron_axe":33,"minecraft:bread":20,"minecraft:iron_pickaxe":213,"minecraft:iron_boots":1,"minecraft:stone_axe":68,"minecraft:cobblestone":144,"minecraft:furnace":1,"minecraft:andesite":14,"minecraft:yellow_bed":1,"minecraft:egg":1,"minecraft:iron_leggings":1},"minecraft:killed_by":{"minecraft:creeper":1},"minecraft:dropped":{"minecraft:iron_ingot":1,"minecraft:stone_axe":3,"minecraft:wheat_seeds":3,"minecraft:lapis_lazuli":169,"minecraft:stone_sword":1,"minecraft:diamond":1,"minecraft:carrot":3,"minecraft:dirt":2,"minecraft:potato":14,"minecraft:wooden_hoe":1,"minecraft:wooden_axe":1,"minecraft:wooden_pickaxe":3,"minecraft:stone_pickaxe":4,"minecraft:iron_shovel":1,"minecraft:dandelion":6}},"DataVersion":3465}