{"stats":{"minecraft:picked_up":{"minecraft:crafting_table":3,"minecraft:andesite":14,"minecraft:leather":8,"minecraft:wooden_pickaxe":2,"minecraft:oak_log":52,"minecraft:dirt":15,"minecraft:apple":1,"minecraft:wheat_seeds":5,"minecraft:beef":20,"minecraft:stone_pickaxe":3,"minecraft:sugar_cane":16,"minecraft:oak_planks":21,"minecraft:egg":1,"minecraft:stick":4,"minecraft:raw_iron":26,"minecraft:oak_door":3,"minecraft:gravel":10,"minecraft:porkchop":5,"minecraft:stone_sword":1,"minecraft:diamond":1,"minecraft:stone_axe":2,"minecraft:granite":10,"minecraft:oak_sapling":2,"minecraft:black_wool":1,"minecraft:mutton":5,"minecraft:coal":21,"minecraft:white_wool":3,"minecraft:cobblestone":102},"minecraft:custom":{"minecraft:interact_with_furnace":23,"minecraft:mob_kills":15,"minecraft:interact_with_crafting_table":19,"minecraft:leave_game":3,"minecraft:time_since_death":29545,"minecraft:climb_one_cm":854,"minecraft:time_since_rest":29589,"minecraft:sprint_one_cm":71672,"minecraft:damage_taken":1308,"minecraft:walk_one_cm":28174,"minecraft:drop":15,"minecraft:damage_dealt":1610,"minecraft:swim_one_cm":46694,"minecraft:fly_one_cm":109177,"minecraft:player_kills":1,"minecraft:open_chest":11,"minecraft:crouch_one_cm":870,"minecraft:play_time":33828,"minecraft:deaths":1,"minecraft:sneak_time":627,"minecraft:walk_under_water_one_cm":9012,"minecraft:jump":565,"minecraft:walk_on_water_one_cm":9584,"minecraft:total_world_time":33828,"minecraft:fall_one_cm":11114},"minecraft:killed":{"minecraft:pig":2,"minecraft:sheep":4,"minecraft:cow":9},"minecraft:crafted":{"minecraft:oak_door":3,"minecraft:oak_planks":112,"minecraft:crafting_table":2,"minecraft:wooden_pickaxe":2,"minecraft:iron_helmet":1,"minecraft:furnace":1,"minecraft:stone_axe":2,"minecraft:air":0,"minecraft:iron_boots":1,"minecraft:iron_chestplate":1,"minecraft:shield":1,"minecraft:stick":16,"minecraft:iron_ingot":16,"minecraft:iron_pickaxe":1,"minecraft:stone_pickaxe":1,"minecraft:wooden_axe":1,"minecraft:chest":1,"minecraft:iron_leggings":1},"minecraft:mined":{"minecraft:oak_door":3,"minecraft:crafting_table":2,"minecraft:granite":8,"minecraft:grass_block":9,"minecraft:dead_bush":2,"minecraft:tall_grass":1,"minecraft:sugar_cane":10,"minecraft:iron_ore":23,"minecraft:andesite":11,"minecraft:grass":40,"minecraft:oak_log":52,"minecraft:coal_ore":21,"minecraft:deepslate_iron_ore":4,"minecraft:gravel":5,"minecraft:dirt":6,"minecraft:stone":84,"minecraft:oak_leaves":23},"minecraft:used":{"minecraft:stone_sword":2,"minecraft:stone_pickaxe":131,"minecraft:chest":1,"minecraft:wooden_pickaxe":36,"minecraft:oak_door":5,"minecraft:dirt":15,"minecraft:crafting_table":5,"minecraft:granite":8,"minecraft:oak_log":1,"minecraft:wooden_axe":20,"minecraft:bread":13,"minecraft:stone_axe":68,"minecraft:cobblestone":71,"minecraft:furnace":1,"minecraft:andesite":14,"minecraft:egg":1},"minecraft:killed_by":{"minecraft:creeper":1},"minecraft:dropped":{"minecraft:iron_ingot":1,"minecraft:stone_axe":2,"minecraft:wheat_seeds":3,"minecraft:diamond":1,"minecraft:wooden_axe":1,"minecraft:stone_pickaxe":4,"minecraft:wooden_pickaxe":3}},"DataVersion":3465}