{"stats":{"minecraft:crafted":{"minecraft:crafting_table":1,"minecraft:stick":4,"minecraft:oak_planks":24},"minecraft:picked_up":{"minecraft:oak_log":6,"minecraft:oak_sapling":2},"minecraft:custom":{"minecraft:jump":4,"minecraft:time_since_rest":1277,"minecraft:leave_game":1,"minecraft:walk_on_water_one_cm":1054,"minecraft:sprint_one_cm":22,"minecraft:play_time":1277,"minecraft:time_since_death":1277,"minecraft:walk_one_cm":557,"minecraft:sneak_time":17,"minecraft:total_world_time":1277,"minecraft:walk_under_water_one_cm":370,"minecraft:swim_one_cm":186},"minecraft:mined":{"minecraft:oak_log":6,"minecraft:oak_leaves":3}},"DataVersion":3465}