{"stats":{"minecraft:picked_up":{"minecraft:crafting_table":3,"minecraft:iron_chestplate":2,"minecraft:wheat":62,"minecraft:wooden_pickaxe":2,"minecraft:oak_stairs":3,"minecraft:shield":2,"minecraft:iron_axe":1,"minecraft:iron_leggings":2,"minecraft:beetroot":3,"minecraft:beef":24,"minecraft:iron_pickaxe":2,"minecraft:sugar_cane":137,"minecraft:iron_boots":2,"minecraft:egg":1,"minecraft:stick":12,"minecraft:raw_iron":41,"minecraft:sandstone":2,"minecraft:oak_door":4,"minecraft:oak_fence":1,"minecraft:torch":8,"minecraft:porkchop":25,"minecraft:diorite":14,"minecraft:carrot":431,"minecraft:stone_sword":2,"minecraft:beetroot_seeds":5,"minecraft:white_terracotta":31,"minecraft:mutton":11,"minecraft:white_wool":9,"minecraft:cobblestone":281,"minecraft:stripped_oak_log":16,"minecraft:cooked_beef":20,"minecraft:andesite":38,"minecraft:leather":14,"minecraft:brown_wool":1,"minecraft:potato":14,"minecraft:oak_log":58,"minecraft:yellow_bed":1,"minecraft:dirt":182,"minecraft:lapis_lazuli":169,"minecraft:apple":3,"minecraft:wheat_seeds":202,"minecraft:stone_pickaxe":3,"minecraft:oak_planks":144,"minecraft:iron_sword":1,"minecraft:cooked_porkchop":5,"minecraft:dandelion":7,"minecraft:gravel":10,"minecraft:sand":51,"minecraft:diamond":4,"minecraft:stone_axe":3,"minecraft:iron_helmet":2,"minecraft:granite":38,"minecraft:bread":43,"minecraft:oak_sapling":13,"minecraft:black_wool":1,"minecraft:coal":50,"minecraft:diamond_pickaxe":1},"minecraft:custom":{"minecraft:mob_kills":25,"minecraft:interact_with_crafting_table":37,"minecraft:leave_game":5,"minecraft:time_since_death":28675,"minecraft:climb_one_cm":854,"minecraft:sprint_one_cm":284328,"minecraft:walk_one_cm":138375,"minecraft:damage_blocked_by_shield":10,"minecraft:drop":37,"minecraft:talked_to_villager":1,"minecraft:play_time":87223,"minecraft:deaths":3,"minecraft:sneak_time":2150,"minecraft:walk_under_water_one_cm":11615,"minecraft:jump":1513,"minecraft:walk_on_water_one_cm":13316,"minecraft:total_world_time":87223,"minecraft:interact_with_furnace":49,"minecraft:time_since_rest":28702,"minecraft:damage_taken":2050,"minecraft:damage_dealt":2800,"minecraft:swim_one_cm":48175,"minecraft:fly_one_cm":329292,"minecraft:player_kills":1,"minecraft:open_chest":53,"minecraft:crouch_one_cm":7307,"minecraft:fall_one_cm":26738},"minecraft:killed":{"minecraft:pig":6,"minecraft:sheep":8,"minecraft:cow":11},"minecraft:crafted":{"minecraft:oak_door":3,"minecraft:oak_planks":136,"minecraft:furnace":1,"minecraft:cooked_mutton":10,"minecraft:iron_boots":1,"minecraft:iron_axe":1,"minecraft:stone_pickaxe":1,"minecraft:chest":2,"minecraft:cooked_beef":20,"minecraft:cooked_porkchop":11,"minecraft:crafting_table":2,"minecraft:wooden_pickaxe":2,"minecraft:iron_helmet":1,"minecraft:iron_sword":1,"minecraft:stone_axe":2,"minecraft:bread":12,"minecraft:air":0,"minecraft:iron_chestplate":1,"minecraft:diamond_pickaxe":1,"minecraft:shield":1,"minecraft:stick":24,"minecraft:iron_ingot":31,"minecraft:iron_pickaxe":1,"minecraft:wooden_axe":1,"minecraft:iron_shovel":2,"minecraft:iron_leggings":1,"minecraft:white_bed":2},"minecraft:mined":{"minecraft:diamond_ore":3,"minecraft:oak_door":3,"minecraft:granite":36,"minecraft:grass_block":107,"minecraft:sandstone":2,"minecraft:carrots":119,"minecraft:iron_ore":39,"minecraft:andesite":35,"minecraft:potatoes":4,"minecraft:deepslate_iron_ore":4,"minecraft:dirt_path":5,"minecraft:oak_stairs":3,"minecraft:stripped_oak_log":16,"minecraft:stone":249,"minecraft:white_wool":2,"minecraft:glass_pane":3,"minecraft:dandelion":1,"minecraft:crafting_table":2,"minecraft:torch":6,"minecraft:dead_bush":2,"minecraft:tall_grass":21,"minecraft:cobblestone":14,"minecraft:lapis_ore":25,"minecraft:oak_planks":83,"minecraft:sugar_cane":86,"minecraft:diorite":14,"minecraft:white_terracotta":31,"minecraft:wheat":74,"minecraft:yellow_bed":1,"minecraft:grass":220,"minecraft:oak_log":58,"minecraft:coal_ore":50,"minecraft:beetroots":3,"minecraft:gravel":5,"minecraft:sand":51,"minecraft:dirt":14,"minecraft:oak_leaves":30,"minecraft:deepslate":2},"minecraft:used":{"minecraft:stone_sword":2,"minecraft:iron_shovel":132,"minecraft:chest":2,"minecraft:shield":1,"minecraft:iron_sword":17,"minecraft:oak_door":5,"minecraft:torch":8,"minecraft:dirt":172,"minecraft:carrot":198,"minecraft:granite":8,"minecraft:wooden_axe":20,"minecraft:iron_axe":142,"minecraft:iron_boots":2,"minecraft:furnace":1,"minecraft:egg":1,"minecraft:iron_leggings":2,"minecraft:wheat_seeds":8,"minecraft:stone_pickaxe":131,"minecraft:wooden_pickaxe":36,"minecraft:sandstone":2,"minecraft:sugar_cane":93,"minecraft:white_wool":2,"minecraft:sand":6,"minecraft:crafting_table":5,"minecraft:oak_log":1,"minecraft:diamond_pickaxe":155,"minecraft:bread":25,"minecraft:iron_pickaxe":213,"minecraft:stone_axe":68,"minecraft:cobblestone":144,"minecraft:andesite":14,"minecraft:yellow_bed":1},"minecraft:killed_by":{"minecraft:creeper":2},"minecraft:dropped":{"minecraft:iron_ingot":1,"minecraft:wheat_seeds":8,"minecraft:lapis_lazuli":169,"minecraft:diamond":1,"minecraft:oak_fence":1,"minecraft:dirt":2,"minecraft:wooden_hoe":1,"minecraft:wooden_axe":1,"minecraft:iron_pickaxe":1,"minecraft:iron_shovel":2,"minecraft:dandelion":7,"minecraft:stone_axe":3,"minecraft:stone_sword":1,"minecraft:white_bed":2,"minecraft:carrot":3,"minecraft:potato":14,"minecraft:wooden_pickaxe":3,"minecraft:stone_pickaxe":4}},"DataVersion":3465}