{"stats":{"minecraft:picked_up":{"minecraft:iron_chestplate":2,"minecraft:crafting_table":3,"minecraft:wheat":35,"minecraft:cooked_beef":20,"minecraft:andesite":38,"minecraft:brown_wool":1,"minecraft:leather":14,"minecraft:wooden_pickaxe":2,"minecraft:potato":14,"minecraft:oak_log":58,"minecraft:yellow_bed":1,"minecraft:shield":2,"minecraft:lapis_lazuli":169,"minecraft:dirt":175,"minecraft:iron_axe":1,"minecraft:iron_leggings":2,"minecraft:beetroot":3,"minecraft:apple":3,"minecraft:wheat_seeds":123,"minecraft:beef":24,"minecraft:stone_pickaxe":3,"minecraft:iron_pickaxe":2,"minecraft:sugar_cane":66,"minecraft:iron_sword":1,"minecraft:oak_planks":61,"minecraft:iron_boots":2,"minecraft:egg":1,"minecraft:stick":12,"minecraft:raw_iron":41,"minecraft:cooked_porkchop":5,"minecraft:oak_door":3,"minecraft:dandelion":6,"minecraft:gravel":10,"minecraft:porkchop":25,"minecraft:sand":47,"minecraft:carrot":61,"minecraft:stone_sword":2,"minecraft:diamond":4,"minecraft:stone_axe":3,"minecraft:beetroot_seeds":5,"minecraft:iron_helmet":2,"minecraft:granite":14,"minecraft:bread":43,"minecraft:oak_sapling":10,"minecraft:black_wool":1,"minecraft:mutton":11,"minecraft:coal":23,"minecraft:white_wool":9,"minecraft:cobblestone":233,"minecraft:diamond_pickaxe":1},"minecraft:custom":{"minecraft:interact_with_furnace":49,"minecraft:mob_kills":25,"minecraft:interact_with_crafting_table":36,"minecraft:leave_game":5,"minecraft:time_since_death":10675,"minecraft:climb_one_cm":854,"minecraft:time_since_rest":10702,"minecraft:sprint_one_cm":205414,"minecraft:damage_taken":2040,"minecraft:walk_one_cm":98590,"minecraft:damage_blocked_by_shield":10,"minecraft:drop":35,"minecraft:damage_dealt":2800,"minecraft:swim_one_cm":47148,"minecraft:talked_to_villager":1,"minecraft:player_kills":1,"minecraft:fly_one_cm":258585,"minecraft:play_time":69223,"minecraft:open_chest":46,"minecraft:crouch_one_cm":7199,"minecraft:sneak_time":2045,"minecraft:deaths":3,"minecraft:walk_under_water_one_cm":10860,"minecraft:jump":1238,"minecraft:walk_on_water_one_cm":11301,"minecraft:total_world_time":69223,"minecraft:fall_one_cm":23359},"minecraft:killed":{"minecraft:pig":6,"minecraft:sheep":8,"minecraft:cow":11},"minecraft:crafted":{"minecraft:cooked_beef":20,"minecraft:oak_door":3,"minecraft:oak_planks":136,"minecraft:cooked_porkchop":11,"minecraft:crafting_table":2,"minecraft:wooden_pickaxe":2,"minecraft:iron_helmet":1,"minecraft:iron_sword":1,"minecraft:furnace":1,"minecraft:stone_axe":2,"minecraft:bread":12,"minecraft:cooked_mutton":10,"minecraft:air":0,"minecraft:iron_chestplate":1,"minecraft:iron_boots":1,"minecraft:diamond_pickaxe":1,"minecraft:shield":1,"minecraft:iron_axe":1,"minecraft:stick":24,"minecraft:iron_ingot":31,"minecraft:iron_pickaxe":1,"minecraft:stone_pickaxe":1,"minecraft:wooden_axe":1,"minecraft:chest":1,"minecraft:iron_shovel":2,"minecraft:iron_leggings":1,"minecraft:white_bed":2},"minecraft:mined":{"minecraft:diamond_ore":3,"minecraft:oak_door":3,"minecraft:crafting_table":2,"minecraft:granite":12,"minecraft:grass_block":104,"minecraft:dead_bush":2,"minecraft:tall_grass":19,"minecraft:cobblestone":2,"minecraft:lapis_ore":25,"minecraft:sugar_cane":38,"minecraft:carrots":18,"minecraft:iron_ore":38,"minecraft:wheat":46,"minecraft:andesite":35,"minecraft:yellow_bed":1,"minecraft:grass":152,"minecraft:potatoes":4,"minecraft:coal_ore":23,"minecraft:oak_log":58,"minecraft:deepslate_iron_ore":4,"minecraft:beetroots":3,"minecraft:dirt_path":1,"minecraft:sand":47,"minecraft:gravel":5,"minecraft:dirt":14,"minecraft:stone":213,"minecraft:white_wool":2,"minecraft:oak_leaves":24},"minecraft:used":{"minecraft:wheat_seeds":8,"minecraft:iron_shovel":132,"minecraft:stone_sword":2,"minecraft:stone_pickaxe":131,"minecraft:chest":1,"minecraft:wooden_pickaxe":36,"minecraft:shield":1,"minecraft:iron_sword":17,"minecraft:sugar_cane":22,"minecraft:oak_door":5,"minecraft:white_wool":2,"minecraft:sand":4,"minecraft:dirt":165,"minecraft:crafting_table":5,"minecraft:carrot":58,"minecraft:granite":8,"minecraft:oak_log":1,"minecraft:diamond_pickaxe":3,"minecraft:wooden_axe":20,"minecraft:iron_pickaxe":213,"minecraft:iron_axe":39,"minecraft:bread":22,"minecraft:iron_boots":2,"minecraft:stone_axe":68,"minecraft:cobblestone":144,"minecraft:furnace":1,"minecraft:andesite":14,"minecraft:yellow_bed":1,"minecraft:egg":1,"minecraft:iron_leggings":2},"minecraft:killed_by":{"minecraft:creeper":2},"minecraft:dropped":{"minecraft:iron_ingot":1,"minecraft:stone_axe":3,"minecraft:wheat_seeds":8,"minecraft:lapis_lazuli":169,"minecraft:stone_sword":1,"minecraft:diamond":1,"minecraft:white_bed":2,"minecraft:carrot":3,"minecraft:dirt":2,"minecraft:potato":14,"minecraft:wooden_hoe":1,"minecraft:wooden_axe":1,"minecraft:stone_pickaxe":4,"minecraft:wooden_pickaxe":3,"minecraft:iron_pickaxe":1,"minecraft:iron_shovel":2,"minecraft:dandelion":6}},"DataVersion":3465}