{"stats":{"minecraft:dropped":{"minecraft:wheat_seeds":1,"minecraft:diamond":1,"minecraft:wooden_axe":1,"minecraft:wooden_pickaxe":1},"minecraft:crafted":{"minecraft:oak_door":3,"minecraft:oak_planks":72,"minecraft:crafting_table":2,"minecraft:wooden_pickaxe":2,"minecraft:furnace":1,"minecraft:stone_axe":2,"minecraft:air":0,"minecraft:stick":16,"minecraft:iron_ingot":4,"minecraft:iron_pickaxe":1,"minecraft:stone_pickaxe":1,"minecraft:wooden_axe":1},"minecraft:picked_up":{"minecraft:crafting_table":3,"minecraft:andesite":14,"minecraft:leather":8,"minecraft:wooden_pickaxe":1,"minecraft:oak_log":41,"minecraft:dirt":13,"minecraft:wheat_seeds":3,"minecraft:beef":20,"minecraft:stone_pickaxe":1,"minecraft:sugar_cane":16,"minecraft:oak_planks":21,"minecraft:egg":1,"minecraft:stick":3,"minecraft:raw_iron":26,"minecraft:oak_door":3,"minecraft:gravel":10,"minecraft:porkchop":5,"minecraft:stone_sword":1,"minecraft:diamond":1,"minecraft:stone_axe":1,"minecraft:granite":10,"minecraft:oak_sapling":2,"minecraft:black_wool":1,"minecraft:mutton":4,"minecraft:coal":21,"minecraft:white_wool":2,"minecraft:cobblestone":102},"minecraft:killed_by":{"minecraft:creeper":1},"minecraft:killed":{"minecraft:pig":2,"minecraft:sheep":3,"minecraft:cow":9},"minecraft:custom":{"minecraft:interact_with_furnace":12,"minecraft:mob_kills":14,"minecraft:interact_with_crafting_table":9,"minecraft:leave_game":1,"minecraft:time_since_death":23811,"minecraft:climb_one_cm":854,"minecraft:time_since_rest":23855,"minecraft:sprint_one_cm":63011,"minecraft:damage_taken":1157,"minecraft:walk_one_cm":22692,"minecraft:drop":4,"minecraft:damage_dealt":1540,"minecraft:swim_one_cm":46694,"minecraft:fly_one_cm":85347,"minecraft:player_kills":1,"minecraft:open_chest":2,"minecraft:crouch_one_cm":870,"minecraft:play_time":28094,"minecraft:deaths":1,"minecraft:sneak_time":621,"minecraft:walk_under_water_one_cm":9012,"minecraft:jump":478,"minecraft:walk_on_water_one_cm":9584,"minecraft:total_world_time":28094,"minecraft:fall_one_cm":9860},"minecraft:used":{"minecraft:stone_pickaxe":131,"minecraft:wooden_pickaxe":36,"minecraft:oak_door":5,"minecraft:dirt":13,"minecraft:crafting_table":5,"minecraft:granite":8,"minecraft:wooden_axe":20,"minecraft:bread":9,"minecraft:stone_axe":57,"minecraft:cobblestone":71,"minecraft:furnace":1,"minecraft:andesite":14,"minecraft:egg":1},"minecraft:mined":{"minecraft:oak_door":3,"minecraft:crafting_table":2,"minecraft:granite":8,"minecraft:grass_block":7,"minecraft:dead_bush":2,"minecraft:sugar_cane":10,"minecraft:iron_ore":23,"minecraft:andesite":11,"minecraft:grass":36,"minecraft:oak_log":41,"minecraft:coal_ore":21,"minecraft:deepslate_iron_ore":4,"minecraft:gravel":5,"minecraft:dirt":6,"minecraft:stone":84,"minecraft:oak_leaves":23}},"DataVersion":3465}