{"stats":{"minecraft:picked_up":{"minecraft:iron_chestplate":1,"minecraft:crafting_table":3,"minecraft:andesite":38,"minecraft:leather":8,"minecraft:wooden_pickaxe":2,"minecraft:oak_log":52,"minecraft:shield":1,"minecraft:lapis_lazuli":169,"minecraft:dirt":35,"minecraft:iron_leggings":1,"minecraft:apple":2,"minecraft:wheat_seeds":5,"minecraft:beef":20,"minecraft:stone_pickaxe":3,"minecraft:iron_pickaxe":1,"minecraft:sugar_cane":16,"minecraft:oak_planks":61,"minecraft:iron_boots":1,"minecraft:egg":1,"minecraft:stick":5,"minecraft:raw_iron":41,"minecraft:oak_door":3,"minecraft:dandelion":3,"minecraft:gravel":10,"minecraft:porkchop":5,"minecraft:stone_sword":2,"minecraft:diamond":4,"minecraft:stone_axe":3,"minecraft:iron_helmet":1,"minecraft:granite":14,"minecraft:bread":19,"minecraft:oak_sapling":2,"minecraft:black_wool":1,"minecraft:mutton":6,"minecraft:coal":23,"minecraft:white_wool":4,"minecraft:cobblestone":233},"minecraft:custom":{"minecraft:interact_with_furnace":29,"minecraft:mob_kills":15,"minecraft:interact_with_crafting_table":23,"minecraft:leave_game":3,"minecraft:time_since_death":11356,"minecraft:climb_one_cm":854,"minecraft:time_since_rest":11379,"minecraft:sprint_one_cm":94564,"minecraft:damage_taken":1622,"minecraft:walk_one_cm":48493,"minecraft:drop":22,"minecraft:damage_dealt":1610,"minecraft:swim_one_cm":46694,"minecraft:fly_one_cm":133077,"minecraft:player_kills":1,"minecraft:open_chest":18,"minecraft:crouch_one_cm":1887,"minecraft:play_time":45337,"minecraft:deaths":2,"minecraft:sneak_time":1251,"minecraft:walk_under_water_one_cm":9663,"minecraft:jump":771,"minecraft:walk_on_water_one_cm":10410,"minecraft:total_world_time":45337,"minecraft:fall_one_cm":18684},"minecraft:killed":{"minecraft:pig":2,"minecraft:sheep":4,"minecraft:cow":9},"minecraft:crafted":{"minecraft:cooked_beef":20,"minecraft:oak_door":3,"minecraft:oak_planks":112,"minecraft:crafting_table":2,"minecraft:wooden_pickaxe":2,"minecraft:iron_helmet":1,"minecraft:iron_sword":1,"minecraft:furnace":1,"minecraft:stone_axe":2,"minecraft:air":0,"minecraft:iron_boots":1,"minecraft:iron_chestplate":1,"minecraft:diamond_pickaxe":1,"minecraft:shield":1,"minecraft:iron_axe":1,"minecraft:stick":20,"minecraft:iron_ingot":25,"minecraft:iron_pickaxe":1,"minecraft:stone_pickaxe":1,"minecraft:wooden_axe":1,"minecraft:chest":1,"minecraft:iron_leggings":1},"minecraft:mined":{"minecraft:diamond_ore":3,"minecraft:oak_door":3,"minecraft:crafting_table":2,"minecraft:granite":12,"minecraft:grass_block":22,"minecraft:dead_bush":2,"minecraft:cobblestone":2,"minecraft:tall_grass":1,"minecraft:lapis_ore":25,"minecraft:sugar_cane":10,"minecraft:iron_ore":38,"minecraft:andesite":35,"minecraft:grass":43,"minecraft:oak_log":52,"minecraft:coal_ore":23,"minecraft:deepslate_iron_ore":4,"minecraft:gravel":5,"minecraft:dirt":14,"minecraft:stone":213,"minecraft:oak_leaves":23},"minecraft:used":{"minecraft:stone_sword":2,"minecraft:stone_pickaxe":131,"minecraft:chest":1,"minecraft:wooden_pickaxe":36,"minecraft:oak_door":5,"minecraft:dirt":15,"minecraft:crafting_table":5,"minecraft:granite":8,"minecraft:oak_log":1,"minecraft:wooden_axe":20,"minecraft:bread":16,"minecraft:iron_pickaxe":213,"minecraft:iron_boots":1,"minecraft:stone_axe":68,"minecraft:cobblestone":144,"minecraft:furnace":1,"minecraft:andesite":14,"minecraft:egg":1,"minecraft:iron_leggings":1},"minecraft:killed_by":{"minecraft:creeper":1},"minecraft:dropped":{"minecraft:iron_ingot":1,"minecraft:stone_axe":3,"minecraft:wheat_seeds":3,"minecraft:lapis_lazuli":169,"minecraft:stone_sword":1,"minecraft:diamond":1,"minecraft:wooden_hoe":1,"minecraft:wooden_axe":1,"minecraft:wooden_pickaxe":3,"minecraft:stone_pickaxe":4,"minecraft:dandelion":3}},"DataVersion":3465}