{"stats":{"minecraft:picked_up":{"minecraft:crafting_table":3,"minecraft:iron_chestplate":2,"minecraft:wheat":62,"minecraft:wooden_pickaxe":2,"minecraft:oak_stairs":3,"minecraft:shield":2,"minecraft:iron_axe":1,"minecraft:iron_leggings":2,"minecraft:beetroot":3,"minecraft:cobbled_deepslate":27,"minecraft:beef":24,"minecraft:iron_pickaxe":2,"minecraft:sugar_cane":137,"minecraft:iron_boots":2,"minecraft:egg":1,"minecraft:stick":12,"minecraft:raw_iron":42,"minecraft:sandstone":2,"minecraft:oak_door":4,"minecraft:oak_fence":1,"minecraft:torch":8,"minecraft:porkchop":25,"minecraft:diorite":14,"minecraft:carrot":525,"minecraft:rotten_flesh":2,"minecraft:stone_sword":2,"minecraft:arrow":5,"minecraft:beetroot_seeds":5,"minecraft:white_terracotta":31,"minecraft:mutton":11,"minecraft:white_wool":9,"minecraft:cobblestone":286,"minecraft:stripped_oak_log":16,"minecraft:cooked_beef":20,"minecraft:andesite":38,"minecraft:brown_wool":1,"minecraft:leather":14,"minecraft:potato":14,"minecraft:oak_log":58,"minecraft:yellow_bed":1,"minecraft:lapis_lazuli":169,"minecraft:dirt":182,"minecraft:bone":4,"minecraft:apple":3,"minecraft:wheat_seeds":202,"minecraft:stone_pickaxe":3,"minecraft:iron_sword":1,"minecraft:oak_planks":144,"minecraft:cooked_porkchop":5,"minecraft:dandelion":7,"minecraft:gravel":10,"minecraft:sand":52,"minecraft:diamond":39,"minecraft:stone_axe":3,"minecraft:iron_helmet":2,"minecraft:granite":38,"minecraft:bread":43,"minecraft:oak_sapling":13,"minecraft:black_wool":1,"minecraft:coal":50,"minecraft:diamond_pickaxe":1},"minecraft:custom":{"minecraft:mob_kills":30,"minecraft:animals_bred":1,"minecraft:interact_with_crafting_table":43,"minecraft:leave_game":9,"minecraft:time_since_death":47282,"minecraft:climb_one_cm":854,"minecraft:sprint_one_cm":323783,"minecraft:walk_one_cm":160593,"minecraft:damage_blocked_by_shield":565,"minecraft:drop":38,"minecraft:talked_to_villager":1,"minecraft:play_time":105830,"minecraft:deaths":3,"minecraft:sneak_time":2179,"minecraft:walk_under_water_one_cm":13877,"minecraft:jump":1789,"minecraft:walk_on_water_one_cm":17414,"minecraft:total_world_time":105830,"minecraft:interact_with_furnace":49,"minecraft:sleep_in_bed":1,"minecraft:time_since_rest":8363,"minecraft:damage_taken":2565,"minecraft:damage_dealt":4220,"minecraft:swim_one_cm":56147,"minecraft:fly_one_cm":385381,"minecraft:player_kills":1,"minecraft:open_chest":79,"minecraft:crouch_one_cm":7370,"minecraft:fall_one_cm":29364},"minecraft:killed":{"minecraft:skeleton":3,"minecraft:pig":6,"minecraft:zombie_villager":1,"minecraft:sheep":8,"minecraft:zombie":1,"minecraft:cow":11},"minecraft:crafted":{"minecraft:oak_door":3,"minecraft:oak_planks":136,"minecraft:furnace":1,"minecraft:cooked_mutton":10,"minecraft:diamond_helmet":1,"minecraft:diamond_leggings":1,"minecraft:iron_boots":1,"minecraft:iron_axe":1,"minecraft:stone_pickaxe":1,"minecraft:chest":2,"minecraft:diamond_boots":1,"minecraft:cooked_beef":20,"minecraft:diamond_sword":1,"minecraft:cooked_porkchop":11,"minecraft:diamond_axe":1,"minecraft:crafting_table":2,"minecraft:wooden_pickaxe":2,"minecraft:iron_helmet":1,"minecraft:iron_sword":1,"minecraft:stone_axe":2,"minecraft:bread":12,"minecraft:air":0,"minecraft:iron_chestplate":1,"minecraft:diamond_pickaxe":1,"minecraft:shield":1,"minecraft:stick":24,"minecraft:iron_ingot":31,"minecraft:iron_pickaxe":1,"minecraft:wooden_axe":1,"minecraft:iron_shovel":2,"minecraft:iron_leggings":1,"minecraft:white_bed":2,"minecraft:diamond_chestplate":1},"minecraft:mined":{"minecraft:diamond_ore":3,"minecraft:deepslate_diamond_ore":17,"minecraft:oak_door":3,"minecraft:granite":36,"minecraft:grass_block":107,"minecraft:sandstone":2,"minecraft:carrots":143,"minecraft:iron_ore":39,"minecraft:andesite":35,"minecraft:potatoes":4,"minecraft:deepslate_iron_ore":4,"minecraft:dirt_path":5,"minecraft:oak_stairs":3,"minecraft:stripped_oak_log":16,"minecraft:stone":254,"minecraft:white_wool":2,"minecraft:glass_pane":3,"minecraft:dandelion":1,"minecraft:crafting_table":2,"minecraft:torch":6,"minecraft:dead_bush":2,"minecraft:tall_grass":21,"minecraft:cobblestone":14,"minecraft:lapis_ore":25,"minecraft:sugar_cane":86,"minecraft:oak_planks":83,"minecraft:diorite":14,"minecraft:white_terracotta":31,"minecraft:wheat":74,"minecraft:yellow_bed":1,"minecraft:grass":225,"minecraft:oak_log":58,"minecraft:coal_ore":50,"minecraft:beetroots":3,"minecraft:gravel":5,"minecraft:sand":52,"minecraft:dirt":14,"minecraft:oak_leaves":30,"minecraft:deepslate":24},"minecraft:used":{"minecraft:stone_sword":2,"minecraft:iron_shovel":132,"minecraft:chest":2,"minecraft:shield":9,"minecraft:iron_sword":45,"minecraft:oak_door":5,"minecraft:torch":8,"minecraft:dirt":172,"minecraft:carrot":222,"minecraft:diamond_helmet":1,"minecraft:granite":8,"minecraft:wooden_axe":20,"minecraft:iron_axe":142,"minecraft:iron_boots":2,"minecraft:diamond_chestplate":1,"minecraft:furnace":1,"minecraft:egg":1,"minecraft:iron_leggings":2,"minecraft:wheat_seeds":8,"minecraft:stone_pickaxe":131,"minecraft:wooden_pickaxe":36,"minecraft:sandstone":2,"minecraft:sugar_cane":93,"minecraft:white_wool":2,"minecraft:sand":7,"minecraft:crafting_table":5,"minecraft:oak_log":1,"minecraft:diamond_pickaxe":201,"minecraft:bread":34,"minecraft:iron_pickaxe":213,"minecraft:stone_axe":68,"minecraft:cobblestone":144,"minecraft:andesite":14,"minecraft:yellow_bed":1,"minecraft:diamond_leggings":1},"minecraft:killed_by":{"minecraft:creeper":2},"minecraft:dropped":{"minecraft:iron_ingot":1,"minecraft:wheat_seeds":8,"minecraft:lapis_lazuli":169,"minecraft:diamond":19,"minecraft:oak_fence":1,"minecraft:dirt":2,"minecraft:wooden_hoe":1,"minecraft:wooden_axe":1,"minecraft:iron_pickaxe":1,"minecraft:iron_shovel":2,"minecraft:dandelion":7,"minecraft:stone_axe":3,"minecraft:stone_sword":1,"minecraft:white_bed":2,"minecraft:carrot":3,"minecraft:potato":14,"minecraft:wooden_pickaxe":3,"minecraft:stone_pickaxe":4}},"DataVersion":3465}