{"stats":{"minecraft:dropped":{"minecraft:wheat_seeds":1},"minecraft:picked_up":{"minecraft:wheat_seeds":1,"minecraft:dirt":1},"minecraft:custom":{"minecraft:jump":49,"minecraft:time_since_rest":5595,"minecraft:sprint_one_cm":6183,"minecraft:play_time":5595,"minecraft:time_since_death":5595,"minecraft:walk_one_cm":3979,"minecraft:climb_one_cm":16,"minecraft:total_world_time":5595,"minecraft:fall_one_cm":627,"minecraft:drop":1,"minecraft:fly_one_cm":8929},"minecraft:used":{"minecraft:stone":8,"minecraft:dirt":1},"minecraft:mined":{"minecraft:grass":4,"minecraft:grass_block":1}},"DataVersion":3465}