{"stats":{"minecraft:dropped":{"minecraft:kelp":6,"minecraft:wheat_seeds":23,"minecraft:diamond":1,"minecraft:wheat":2,"minecraft:dirt":1,"minecraft:andesite":12,"minecraft:oak_sapling":2},"minecraft:crafted":{"minecraft:oak_planks":48,"minecraft:crafting_table":1,"minecraft:wooden_pickaxe":1,"minecraft:iron_helmet":1,"minecraft:furnace":2,"minecraft:stone_axe":1,"minecraft:bread":168,"minecraft:air":0,"minecraft:iron_boots":1,"minecraft:iron_chestplate":1,"minecraft:wooden_hoe":1,"minecraft:shield":1,"minecraft:stick":12,"minecraft:iron_ingot":47,"minecraft:iron_pickaxe":1,"minecraft:stone_pickaxe":1,"minecraft:chest":2,"minecraft:iron_leggings":1,"minecraft:wheat":504},"minecraft:picked_up":{"minecraft:crafting_table":3,"minecraft:wheat":2,"minecraft:andesite":26,"minecraft:leather":2,"minecraft:wooden_pickaxe":1,"minecraft:oak_log":12,"minecraft:dirt":12,"minecraft:kelp":6,"minecraft:wheat_seeds":24,"minecraft:iron_ingot":4,"minecraft:beef":5,"minecraft:stone_pickaxe":1,"minecraft:poppy":1,"minecraft:oak_planks":18,"minecraft:stick":6,"minecraft:raw_iron":45,"minecraft:sand":14,"minecraft:diorite":5,"minecraft:rotten_flesh":2,"minecraft:diamond":1,"minecraft:stone_axe":1,"minecraft:hay_block":56,"minecraft:granite":17,"minecraft:bread":8,"minecraft:oak_sapling":3,"minecraft:coal":10,"minecraft:cobblestone":46},"minecraft:killed":{"minecraft:iron_golem":1,"minecraft:cow":2},"minecraft:custom":{"minecraft:interact_with_furnace":13,"minecraft:mob_kills":3,"minecraft:interact_with_crafting_table":13,"minecraft:time_since_death":24265,"minecraft:sleep_in_bed":1,"minecraft:climb_one_cm":16,"minecraft:time_since_rest":24298,"minecraft:sprint_one_cm":101179,"minecraft:damage_taken":273,"minecraft:walk_one_cm":30885,"minecraft:drop":14,"minecraft:damage_dealt":1362,"minecraft:talked_to_villager":2,"minecraft:swim_one_cm":16038,"minecraft:fly_one_cm":237451,"minecraft:open_chest":22,"minecraft:crouch_one_cm":3566,"minecraft:play_time":35595,"minecraft:deaths":1,"minecraft:sneak_time":1800,"minecraft:walk_under_water_one_cm":5024,"minecraft:jump":716,"minecraft:walk_on_water_one_cm":3658,"minecraft:total_world_time":35595,"minecraft:fall_one_cm":16552},"minecraft:used":{"minecraft:stone_pickaxe":5,"minecraft:oak_planks":5,"minecraft:chest":2,"minecraft:wooden_pickaxe":9,"minecraft:stone":8,"minecraft:dirt":6,"minecraft:sand":9,"minecraft:crafting_table":3,"minecraft:granite":9,"minecraft:wooden_hoe":57,"minecraft:bread":11,"minecraft:iron_pickaxe":140,"minecraft:stone_axe":32,"minecraft:furnace":2,"minecraft:oak_sapling":1,"minecraft:andesite":14},"minecraft:mined":{"minecraft:kelp_plant":1,"minecraft:dandelion":1,"minecraft:crafting_table":2,"minecraft:granite":17,"minecraft:grass_block":4,"minecraft:tall_grass":16,"minecraft:oak_planks":5,"minecraft:diorite":5,"minecraft:hay_block":56,"minecraft:iron_ore":45,"minecraft:andesite":14,"minecraft:grass":91,"minecraft:oak_log":12,"minecraft:coal_ore":10,"minecraft:dirt_path":1,"minecraft:sand":17,"minecraft:dirt":7,"minecraft:stone":45,"minecraft:oak_leaves":2}},"DataVersion":3465}