{"stats":{"minecraft:broken":{"minecraft:iron_shovel":1},"minecraft:picked_up":{"minecraft:crafting_table":3,"minecraft:wheat":2,"minecraft:andesite":26,"minecraft:leather":4,"minecraft:wooden_pickaxe":1,"minecraft:potato":14,"minecraft:oak_log":20,"minecraft:yellow_bed":2,"minecraft:wooden_hoe":1,"minecraft:lapis_lazuli":169,"minecraft:dirt":155,"minecraft:iron_shovel":1,"minecraft:kelp":6,"minecraft:wheat_seeds":33,"minecraft:beef":6,"minecraft:iron_ingot":5,"minecraft:stone_pickaxe":1,"minecraft:poppy":3,"minecraft:oak_planks":18,"minecraft:stick":6,"minecraft:raw_iron":45,"minecraft:composter":6,"minecraft:dandelion":9,"minecraft:sand":143,"minecraft:white_bed":2,"minecraft:diorite":5,"minecraft:rotten_flesh":2,"minecraft:diamond":1,"minecraft:stone_axe":1,"minecraft:hay_block":56,"minecraft:granite":17,"minecraft:bread":8,"minecraft:oak_sapling":4,"minecraft:coal":10,"minecraft:cobblestone":48,"minecraft:oxeye_daisy":1},"minecraft:custom":{"minecraft:interact_with_furnace":31,"minecraft:mob_kills":4,"minecraft:interact_with_crafting_table":24,"minecraft:time_since_death":54117,"minecraft:sleep_in_bed":3,"minecraft:climb_one_cm":16,"minecraft:time_since_rest":14142,"minecraft:sprint_one_cm":216832,"minecraft:damage_taken":343,"minecraft:walk_one_cm":81721,"minecraft:drop":24,"minecraft:damage_dealt":1641,"minecraft:swim_one_cm":18041,"minecraft:talked_to_villager":3,"minecraft:fly_one_cm":406207,"minecraft:open_chest":62,"minecraft:crouch_one_cm":17985,"minecraft:play_time":65447,"minecraft:deaths":1,"minecraft:sneak_time":4962,"minecraft:walk_under_water_one_cm":5989,"minecraft:jump":1336,"minecraft:walk_on_water_one_cm":4729,"minecraft:total_world_time":65447,"minecraft:fall_one_cm":30615},"minecraft:killed":{"minecraft:iron_golem":1,"minecraft:cow":3},"minecraft:crafted":{"minecraft:oak_slab":18,"minecraft:oak_planks":80,"minecraft:crafting_table":1,"minecraft:wooden_pickaxe":1,"minecraft:iron_helmet":1,"minecraft:furnace":2,"minecraft:stone_axe":1,"minecraft:bread":168,"minecraft:air":0,"minecraft:oak_trapdoor":2,"minecraft:oak_boat":1,"minecraft:glass":104,"minecraft:iron_boots":1,"minecraft:iron_chestplate":1,"minecraft:wooden_hoe":1,"minecraft:shield":1,"minecraft:iron_hoe":1,"minecraft:stick":20,"minecraft:iron_ingot":47,"minecraft:iron_pickaxe":1,"minecraft:stone_pickaxe":1,"minecraft:chest":2,"minecraft:iron_shovel":1,"minecraft:iron_leggings":1,"minecraft:composter":2,"minecraft:torch":12,"minecraft:wheat":504},"minecraft:mined":{"minecraft:white_bed":2,"minecraft:kelp_plant":1,"minecraft:dandelion":2,"minecraft:crafting_table":2,"minecraft:granite":17,"minecraft:grass_block":121,"minecraft:cobblestone":2,"minecraft:glass":8,"minecraft:tall_grass":18,"minecraft:composter":6,"minecraft:oak_planks":5,"minecraft:diorite":5,"minecraft:hay_block":56,"minecraft:iron_ore":45,"minecraft:andesite":14,"minecraft:yellow_bed":2,"minecraft:potatoes":14,"minecraft:grass":136,"minecraft:oak_log":20,"minecraft:coal_ore":10,"minecraft:dirt_path":18,"minecraft:sand":146,"minecraft:dirt":16,"minecraft:stone":45,"minecraft:oak_leaves":2},"minecraft:used":{"minecraft:oak_trapdoor":1,"minecraft:water_bucket":10,"minecraft:iron_shovel":270,"minecraft:stone_pickaxe":5,"minecraft:oak_planks":5,"minecraft:chest":2,"minecraft:wooden_pickaxe":9,"minecraft:stone":8,"minecraft:composter":8,"minecraft:torch":12,"minecraft:dirt":120,"minecraft:sand":10,"minecraft:crafting_table":3,"minecraft:white_bed":2,"minecraft:granite":9,"minecraft:iron_hoe":85,"minecraft:glass":101,"minecraft:wooden_hoe":57,"minecraft:bread":18,"minecraft:iron_pickaxe":143,"minecraft:stone_axe":48,"minecraft:cobblestone":2,"minecraft:furnace":2,"minecraft:oak_sapling":2,"minecraft:bucket":9,"minecraft:andesite":14,"minecraft:yellow_bed":2,"minecraft:potato":75},"minecraft:dropped":{"minecraft:kelp":6,"minecraft:wheat_seeds":32,"minecraft:diamond":1,"minecraft:wheat":2,"minecraft:poppy":2,"minecraft:dirt":1,"minecraft:andesite":12,"minecraft:oak_sapling":2,"minecraft:dandelion":9}},"DataVersion":3465}