{"stats":{"minecraft:picked_up":{"minecraft:crafting_table":3,"minecraft:wheat":2,"minecraft:andesite":26,"minecraft:leather":2,"minecraft:wooden_pickaxe":1,"minecraft:oak_log":12,"minecraft:dirt":12,"minecraft:kelp":6,"minecraft:wheat_seeds":29,"minecraft:beef":5,"minecraft:iron_ingot":5,"minecraft:stone_pickaxe":1,"minecraft:poppy":1,"minecraft:oak_planks":18,"minecraft:stick":6,"minecraft:raw_iron":45,"minecraft:sand":143,"minecraft:diorite":5,"minecraft:rotten_flesh":2,"minecraft:diamond":1,"minecraft:stone_axe":1,"minecraft:hay_block":56,"minecraft:granite":17,"minecraft:bread":8,"minecraft:oak_sapling":3,"minecraft:coal":10,"minecraft:cobblestone":46},"minecraft:custom":{"minecraft:interact_with_furnace":24,"minecraft:mob_kills":3,"minecraft:interact_with_crafting_table":15,"minecraft:time_since_death":30117,"minecraft:sleep_in_bed":2,"minecraft:climb_one_cm":16,"minecraft:time_since_rest":3063,"minecraft:sprint_one_cm":128240,"minecraft:damage_taken":273,"minecraft:walk_one_cm":36231,"minecraft:drop":16,"minecraft:damage_dealt":1519,"minecraft:swim_one_cm":16038,"minecraft:talked_to_villager":2,"minecraft:fly_one_cm":277652,"minecraft:open_chest":33,"minecraft:crouch_one_cm":8161,"minecraft:play_time":41447,"minecraft:deaths":1,"minecraft:sneak_time":2639,"minecraft:walk_under_water_one_cm":5024,"minecraft:jump":859,"minecraft:walk_on_water_one_cm":3658,"minecraft:total_world_time":41447,"minecraft:fall_one_cm":21057},"minecraft:killed":{"minecraft:iron_golem":1,"minecraft:cow":2},"minecraft:crafted":{"minecraft:oak_planks":48,"minecraft:crafting_table":1,"minecraft:wooden_pickaxe":1,"minecraft:iron_helmet":1,"minecraft:furnace":2,"minecraft:stone_axe":1,"minecraft:bread":168,"minecraft:air":0,"minecraft:iron_boots":1,"minecraft:iron_chestplate":1,"minecraft:wooden_hoe":1,"minecraft:shield":1,"minecraft:stick":12,"minecraft:iron_ingot":47,"minecraft:iron_pickaxe":1,"minecraft:stone_pickaxe":1,"minecraft:chest":2,"minecraft:iron_shovel":1,"minecraft:iron_leggings":1,"minecraft:wheat":504},"minecraft:mined":{"minecraft:kelp_plant":1,"minecraft:dandelion":1,"minecraft:crafting_table":2,"minecraft:granite":17,"minecraft:grass_block":4,"minecraft:tall_grass":17,"minecraft:oak_planks":5,"minecraft:diorite":5,"minecraft:hay_block":56,"minecraft:iron_ore":45,"minecraft:andesite":14,"minecraft:grass":126,"minecraft:oak_log":12,"minecraft:coal_ore":10,"minecraft:dirt_path":1,"minecraft:sand":146,"minecraft:dirt":7,"minecraft:stone":45,"minecraft:oak_leaves":2},"minecraft:used":{"minecraft:iron_shovel":129,"minecraft:stone_pickaxe":5,"minecraft:oak_planks":5,"minecraft:chest":2,"minecraft:wooden_pickaxe":9,"minecraft:stone":8,"minecraft:dirt":6,"minecraft:sand":10,"minecraft:crafting_table":3,"minecraft:granite":9,"minecraft:wooden_hoe":57,"minecraft:bread":12,"minecraft:iron_pickaxe":141,"minecraft:stone_axe":33,"minecraft:furnace":2,"minecraft:oak_sapling":1,"minecraft:andesite":14},"minecraft:dropped":{"minecraft:kelp":6,"minecraft:wheat_seeds":28,"minecraft:diamond":1,"minecraft:wheat":2,"minecraft:dirt":1,"minecraft:andesite":12,"minecraft:oak_sapling":2}},"DataVersion":3465}