{"stats":{"minecraft:broken":{"minecraft:iron_shovel":1},"minecraft:picked_up":{"minecraft:crafting_table":4,"minecraft:iron_chestplate":2,"minecraft:wheat":27,"minecraft:wooden_pickaxe":1,"minecraft:shield":1,"minecraft:iron_shovel":2,"minecraft:cobbled_deepslate":5,"minecraft:beef":10,"minecraft:poppy":3,"minecraft:iron_pickaxe":1,"minecraft:iron_boots":1,"minecraft:stick":6,"minecraft:raw_iron":45,"minecraft:composter":6,"minecraft:oak_fence":12,"minecraft:diorite":5,"minecraft:rotten_flesh":2,"minecraft:hay_block":56,"minecraft:cobblestone":69,"minecraft:oxeye_daisy":1,"minecraft:andesite":26,"minecraft:leather":6,"minecraft:potato":81,"minecraft:oak_log":20,"minecraft:yellow_bed":2,"minecraft:wooden_hoe":1,"minecraft:lapis_lazuli":169,"minecraft:dirt":218,"minecraft:kelp":6,"minecraft:wheat_seeds":113,"minecraft:stone_pickaxe":1,"minecraft:iron_ingot":10,"minecraft:oak_planks":18,"minecraft:dandelion":9,"minecraft:sand":143,"minecraft:white_bed":4,"minecraft:iron_hoe":1,"minecraft:diamond":38,"minecraft:stone_axe":1,"minecraft:iron_helmet":2,"minecraft:granite":17,"minecraft:bread":8,"minecraft:oak_sapling":4,"minecraft:coal":10},"minecraft:custom":{"minecraft:mob_kills":7,"minecraft:animals_bred":1,"minecraft:interact_with_crafting_table":31,"minecraft:leave_game":1,"minecraft:time_since_death":74656,"minecraft:climb_one_cm":236,"minecraft:sprint_one_cm":301380,"minecraft:walk_one_cm":133596,"minecraft:damage_blocked_by_shield":765,"minecraft:drop":43,"minecraft:talked_to_villager":16,"minecraft:play_time":141289,"minecraft:deaths":2,"minecraft:sneak_time":7619,"minecraft:walk_under_water_one_cm":16711,"minecraft:jump":1896,"minecraft:walk_on_water_one_cm":5350,"minecraft:total_world_time":141289,"minecraft:interact_with_furnace":35,"minecraft:traded_with_villager":65,"minecraft:sleep_in_bed":7,"minecraft:time_since_rest":13077,"minecraft:damage_taken":677,"minecraft:damage_dealt":3453,"minecraft:swim_one_cm":18057,"minecraft:fly_one_cm":989114,"minecraft:open_chest":89,"minecraft:crouch_one_cm":19554,"minecraft:fall_one_cm":38744,"minecraft:horse_one_cm":3819},"minecraft:killed":{"minecraft:horse":2,"minecraft:iron_golem":2,"minecraft:cow":3},"minecraft:crafted":{"minecraft:golden_carrot":30,"minecraft:cookie":90,"minecraft:oak_planks":80,"minecraft:furnace":2,"minecraft:suspicious_stew":12,"minecraft:oak_trapdoor":4,"minecraft:glass":104,"minecraft:iron_boots":1,"minecraft:iron_axe":1,"minecraft:iron_hoe":1,"minecraft:stone_pickaxe":1,"minecraft:chest":2,"minecraft:diamond_boots":1,"minecraft:oak_fence":3,"minecraft:wheat":504,"minecraft:oak_slab":18,"minecraft:emerald":26,"minecraft:crafting_table":2,"minecraft:wooden_pickaxe":1,"minecraft:iron_helmet":1,"minecraft:iron_sword":1,"minecraft:stone_axe":1,"minecraft:bread":168,"minecraft:air":0,"minecraft:oak_boat":1,"minecraft:wooden_hoe":1,"minecraft:iron_chestplate":1,"minecraft:shield":1,"minecraft:stick":20,"minecraft:iron_ingot":47,"minecraft:iron_pickaxe":1,"minecraft:iron_leggings":2,"minecraft:iron_shovel":1,"minecraft:pumpkin_pie":48,"minecraft:composter":2,"minecraft:torch":12},"minecraft:mined":{"minecraft:white_bed":2,"minecraft:granite":17,"minecraft:grass_block":132,"minecraft:composter":6,"minecraft:hay_block":56,"minecraft:iron_ore":45,"minecraft:andesite":14,"minecraft:potatoes":14,"minecraft:dirt_path":18,"minecraft:stone":45,"minecraft:kelp_plant":1,"minecraft:dandelion":2,"minecraft:crafting_table":3,"minecraft:oak_fence":10,"minecraft:glass":8,"minecraft:tall_grass":21,"minecraft:cobblestone":2,"minecraft:oak_planks":5,"minecraft:diorite":5,"minecraft:wheat":29,"minecraft:yellow_bed":2,"minecraft:grass":138,"minecraft:coal_ore":10,"minecraft:oak_log":20,"minecraft:sand":146,"minecraft:dirt":21,"minecraft:oak_leaves":2},"minecraft:used":{"minecraft:oak_trapdoor":4,"minecraft:oak_fence":10,"minecraft:iron_shovel":286,"minecraft:chest":2,"minecraft:shield":3,"minecraft:stone":8,"minecraft:iron_sword":43,"minecraft:iron_chestplate":1,"minecraft:torch":12,"minecraft:dirt":325,"minecraft:granite":9,"minecraft:glass":101,"minecraft:iron_hoe":85,"minecraft:iron_axe":12,"minecraft:iron_helmet":1,"minecraft:iron_boots":1,"minecraft:oak_sapling":2,"minecraft:furnace":2,"minecraft:potato":75,"minecraft:cobbled_deepslate":13,"minecraft:wheat_seeds":1,"minecraft:water_bucket":10,"minecraft:cow_spawn_egg":2,"minecraft:stone_pickaxe":5,"minecraft:oak_planks":26,"minecraft:wooden_pickaxe":9,"minecraft:composter":8,"minecraft:sand":10,"minecraft:crafting_table":4,"minecraft:white_bed":4,"minecraft:creeper_spawn_egg":1,"minecraft:wooden_hoe":57,"minecraft:bread":22,"minecraft:iron_pickaxe":143,"minecraft:stone_axe":48,"minecraft:cobblestone":2,"minecraft:andesite":14,"minecraft:bucket":9,"minecraft:yellow_bed":2},"minecraft:killed_by":{"minecraft:creeper":1},"minecraft:dropped":{"minecraft:wheat_seeds":109,"minecraft:diamond":38,"minecraft:oak_fence":3,"minecraft:iron_helmet":1,"minecraft:dirt":1,"minecraft:dandelion":9,"minecraft:kelp":6,"minecraft:wheat":2,"minecraft:poppy":2,"minecraft:potato":512,"minecraft:iron_chestplate":1,"minecraft:andesite":12,"minecraft:oak_sapling":2}},"DataVersion":3465}