{"stats":{"minecraft:dropped":{"minecraft:dirt":1,"minecraft:kelp":6,"minecraft:wheat_seeds":22,"minecraft:wheat":2,"minecraft:oak_sapling":2},"minecraft:crafted":{"minecraft:oak_planks":48,"minecraft:wooden_hoe":1,"minecraft:shield":1,"minecraft:crafting_table":1,"minecraft:stick":12,"minecraft:iron_ingot":2,"minecraft:iron_pickaxe":1,"minecraft:wooden_pickaxe":1,"minecraft:stone_pickaxe":1,"minecraft:chest":2,"minecraft:stone_axe":1,"minecraft:bread":168,"minecraft:wheat":504},"minecraft:picked_up":{"minecraft:stick":6,"minecraft:crafting_table":3,"minecraft:wheat":2,"minecraft:leather":2,"minecraft:wooden_pickaxe":1,"minecraft:sand":9,"minecraft:oak_log":12,"minecraft:dirt":4,"minecraft:kelp":6,"minecraft:stone_axe":1,"minecraft:wheat_seeds":23,"minecraft:hay_block":56,"minecraft:beef":5,"minecraft:iron_ingot":4,"minecraft:stone_pickaxe":1,"minecraft:poppy":1,"minecraft:bread":8,"minecraft:oak_sapling":3,"minecraft:oak_planks":18,"minecraft:cobblestone":8},"minecraft:killed":{"minecraft:iron_golem":1,"minecraft:cow":2},"minecraft:custom":{"minecraft:time_since_rest":12298,"minecraft:sprint_one_cm":72648,"minecraft:damage_taken":233,"minecraft:walk_one_cm":20469,"minecraft:mob_kills":3,"minecraft:drop":10,"minecraft:damage_dealt":1197,"minecraft:swim_one_cm":16038,"minecraft:interact_with_crafting_table":11,"minecraft:talked_to_villager":2,"minecraft:fly_one_cm":190745,"minecraft:open_chest":8,"minecraft:crouch_one_cm":243,"minecraft:play_time":23595,"minecraft:deaths":1,"minecraft:sneak_time":372,"minecraft:walk_under_water_one_cm":5024,"minecraft:jump":448,"minecraft:walk_on_water_one_cm":3658,"minecraft:time_since_death":12265,"minecraft:sleep_in_bed":1,"minecraft:climb_one_cm":16,"minecraft:total_world_time":23595,"minecraft:fall_one_cm":8412},"minecraft:used":{"minecraft:wooden_hoe":57,"minecraft:bread":8,"minecraft:stone_pickaxe":5,"minecraft:iron_pickaxe":3,"minecraft:oak_planks":5,"minecraft:chest":2,"minecraft:wooden_pickaxe":9,"minecraft:stone":8,"minecraft:stone_axe":31,"minecraft:sand":9,"minecraft:dirt":3,"minecraft:crafting_table":3,"minecraft:oak_sapling":1},"minecraft:mined":{"minecraft:hay_block":56,"minecraft:kelp_plant":1,"minecraft:dandelion":1,"minecraft:crafting_table":2,"minecraft:grass":89,"minecraft:grass_block":2,"minecraft:oak_log":12,"minecraft:dirt_path":1,"minecraft:sand":9,"minecraft:dirt":1,"minecraft:tall_grass":14,"minecraft:stone":7,"minecraft:oak_planks":5,"minecraft:oak_leaves":2}},"DataVersion":3465}