{"stats":{"minecraft:broken":{"minecraft:iron_pickaxe":1},"minecraft:picked_up":{"minecraft:iron_chestplate":1,"minecraft:crafting_table":9,"minecraft:cooked_beef":1,"minecraft:golden_carrot":8,"minecraft:andesite":2,"minecraft:leather":4,"minecraft:brown_mushroom":1,"minecraft:wooden_pickaxe":1,"minecraft:flint":1,"minecraft:oak_log":3,"minecraft:shield":2,"minecraft:gunpowder":2,"minecraft:string":1,"minecraft:lapis_lazuli":164,"minecraft:dirt":11,"minecraft:raw_copper":2,"minecraft:iron_axe":2,"minecraft:iron_leggings":1,"minecraft:cooked_mutton":2,"minecraft:bone":8,"minecraft:blue_orchid":1,"minecraft:apple":5,"minecraft:bow":2,"minecraft:cobbled_deepslate":10,"minecraft:raw_gold":33,"minecraft:spruce_planks":38,"minecraft:iron_ingot":22,"minecraft:beef":6,"minecraft:stone_pickaxe":1,"minecraft:oak_boat":1,"minecraft:iron_pickaxe":2,"minecraft:sugar_cane":156,"minecraft:iron_sword":1,"minecraft:oak_planks":24,"minecraft:iron_boots":1,"minecraft:furnace":7,"minecraft:stick":14,"minecraft:raw_iron":90,"minecraft:cooked_porkchop":6,"minecraft:torch":1,"minecraft:porkchop":6,"minecraft:spruce_sapling":3,"minecraft:diorite":24,"minecraft:spruce_log":15,"minecraft:leather_helmet":2,"minecraft:diamond":16,"minecraft:arrow":5,"minecraft:rotten_flesh":11,"minecraft:iron_helmet":1,"minecraft:gray_wool":1,"minecraft:gold_ingot":20,"minecraft:mutton":2,"minecraft:coal":133,"minecraft:white_wool":2,"minecraft:cobblestone":203},"minecraft:custom":{"minecraft:interact_with_furnace":37,"minecraft:mob_kills":25,"minecraft:interact_with_crafting_table":8,"minecraft:time_since_death":5160,"minecraft:climb_one_cm":3929,"minecraft:time_since_rest":5294,"minecraft:sprint_one_cm":88486,"minecraft:damage_taken":945,"minecraft:walk_one_cm":50857,"minecraft:damage_blocked_by_shield":1935,"minecraft:drop":28,"minecraft:damage_dealt":3864,"minecraft:swim_one_cm":1649,"minecraft:fly_one_cm":143412,"minecraft:player_kills":1,"minecraft:crouch_one_cm":11668,"minecraft:play_time":38608,"minecraft:deaths":1,"minecraft:sneak_time":5652,"minecraft:walk_under_water_one_cm":1731,"minecraft:jump":828,"minecraft:walk_on_water_one_cm":8450,"minecraft:total_world_time":38608,"minecraft:fall_one_cm":18467},"minecraft:killed":{"minecraft:pig":3,"minecraft:spider":1,"minecraft:creeper":2,"minecraft:skeleton":2,"minecraft:sheep":2,"minecraft:zombie":14,"minecraft:cow":1},"minecraft:crafted":{"minecraft:cooked_beef":6,"minecraft:cooked_porkchop":6,"minecraft:crafting_table":1,"minecraft:spruce_planks":60,"minecraft:wooden_pickaxe":1,"minecraft:iron_helmet":1,"minecraft:furnace":2,"minecraft:stone_axe":1,"minecraft:cooked_mutton":2,"minecraft:air":0,"minecraft:iron_boots":1,"minecraft:iron_chestplate":1,"minecraft:stick":24,"minecraft:iron_ingot":50,"minecraft:iron_pickaxe":2,"minecraft:stone_pickaxe":1,"minecraft:wooden_axe":1,"minecraft:gold_ingot":20,"minecraft:iron_leggings":1,"minecraft:torch":64},"minecraft:mined":{"minecraft:diamond_ore":1,"minecraft:deepslate_diamond_ore":7,"minecraft:crafting_table":5,"minecraft:grass_block":2,"minecraft:copper_ore":1,"minecraft:cobblestone":8,"minecraft:deepslate_gold_ore":15,"minecraft:spruce_leaves":2,"minecraft:lapis_ore":4,"minecraft:sugar_cane":29,"minecraft:diorite":14,"minecraft:wall_torch":1,"minecraft:spruce_sapling":1,"minecraft:furnace":4,"minecraft:iron_ore":40,"minecraft:cobbled_deepslate":1,"minecraft:spruce_log":7,"minecraft:grass":6,"minecraft:oak_log":3,"minecraft:coal_ore":72,"minecraft:deepslate_iron_ore":26,"minecraft:dirt":2,"minecraft:blue_orchid":1,"minecraft:stone":119,"minecraft:gold_ore":11,"minecraft:oak_leaves":2,"minecraft:deepslate":8},"minecraft:used":{"minecraft:diorite":4,"minecraft:shield":24,"minecraft:wooden_pickaxe":23,"minecraft:torch":26,"minecraft:dirt":4,"minecraft:crafting_table":6,"minecraft:wooden_axe":7,"minecraft:apple":5,"minecraft:iron_axe":53,"minecraft:blue_orchid":1,"minecraft:iron_pickaxe":310,"minecraft:spruce_sapling":3,"minecraft:stone_axe":3,"minecraft:golden_carrot":2,"minecraft:cobblestone":52,"minecraft:bow":1,"minecraft:furnace":5,"minecraft:andesite":2,"minecraft:cooked_beef":6,"minecraft:cobbled_deepslate":8,"minecraft:gray_wool":1},"minecraft:killed_by":{"minecraft:creeper":1},"minecraft:dropped":{"minecraft:iron_sword":1,"minecraft:stone_axe":1,"minecraft:brown_mushroom":1,"minecraft:oak_log":3,"minecraft:raw_copper":2,"minecraft:rotten_flesh":11,"minecraft:oak_planks":24,"minecraft:leather_helmet":2,"minecraft:flint":1,"minecraft:dirt":7,"minecraft:gunpowder":2,"minecraft:diorite":20,"minecraft:wooden_axe":1,"minecraft:oak_boat":1,"minecraft:stone_pickaxe":2,"minecraft:wooden_pickaxe":2,"minecraft:iron_pickaxe":1,"minecraft:string":1}},"DataVersion":3465}