{"stats":{"minecraft:picked_up":{"minecraft:crafting_table":4,"minecraft:golden_carrot":5,"minecraft:leather":2,"minecraft:brown_mushroom":1,"minecraft:wooden_pickaxe":1,"minecraft:flint":1,"minecraft:oak_log":3,"minecraft:shield":1,"minecraft:lapis_lazuli":58,"minecraft:dirt":10,"minecraft:raw_copper":2,"minecraft:iron_axe":1,"minecraft:blue_orchid":1,"minecraft:apple":5,"minecraft:iron_ingot":1,"minecraft:beef":6,"minecraft:stone_pickaxe":1,"minecraft:oak_boat":1,"minecraft:sugar_cane":78,"minecraft:iron_sword":1,"minecraft:oak_planks":24,"minecraft:furnace":1,"minecraft:stick":4,"minecraft:raw_iron":12,"minecraft:porkchop":6,"minecraft:spruce_sapling":3,"minecraft:diorite":10,"minecraft:spruce_log":15,"minecraft:gray_wool":1,"minecraft:mutton":2,"minecraft:coal":50,"minecraft:white_wool":1,"minecraft:cobblestone":54},"minecraft:custom":{"minecraft:interact_with_furnace":4,"minecraft:mob_kills":6,"minecraft:interact_with_crafting_table":3,"minecraft:time_since_death":14608,"minecraft:climb_one_cm":1358,"minecraft:time_since_rest":14608,"minecraft:sprint_one_cm":41211,"minecraft:damage_taken":40,"minecraft:walk_one_cm":17556,"minecraft:drop":14,"minecraft:damage_dealt":747,"minecraft:swim_one_cm":1161,"minecraft:fly_one_cm":73281,"minecraft:player_kills":1,"minecraft:crouch_one_cm":4768,"minecraft:play_time":14608,"minecraft:sneak_time":2069,"minecraft:walk_under_water_one_cm":85,"minecraft:jump":388,"minecraft:walk_on_water_one_cm":3344,"minecraft:total_world_time":14608,"minecraft:fall_one_cm":7970},"minecraft:killed":{"minecraft:pig":3,"minecraft:sheep":2,"minecraft:cow":1},"minecraft:crafted":{"minecraft:crafting_table":1,"minecraft:spruce_planks":60,"minecraft:wooden_pickaxe":1,"minecraft:furnace":2,"minecraft:stone_axe":1,"minecraft:air":0,"minecraft:stick":12,"minecraft:iron_ingot":2,"minecraft:iron_pickaxe":1,"minecraft:stone_pickaxe":1,"minecraft:wooden_axe":1},"minecraft:mined":{"minecraft:crafting_table":2,"minecraft:grass_block":2,"minecraft:copper_ore":1,"minecraft:cobblestone":1,"minecraft:spruce_leaves":2,"minecraft:sugar_cane":29,"minecraft:spruce_sapling":1,"minecraft:iron_ore":5,"minecraft:spruce_log":7,"minecraft:grass":5,"minecraft:oak_log":3,"minecraft:coal_ore":47,"minecraft:dirt":1,"minecraft:blue_orchid":1,"minecraft:stone":51},"minecraft:used":{"minecraft:wooden_pickaxe":23,"minecraft:dirt":3,"minecraft:crafting_table":2,"minecraft:wooden_axe":7,"minecraft:apple":4,"minecraft:iron_axe":7,"minecraft:blue_orchid":1,"minecraft:iron_pickaxe":83,"minecraft:spruce_sapling":3,"minecraft:stone_axe":3,"minecraft:cobblestone":14,"minecraft:gray_wool":1},"minecraft:dropped":{"minecraft:iron_sword":1,"minecraft:stone_axe":1,"minecraft:brown_mushroom":1,"minecraft:oak_log":3,"minecraft:oak_planks":24,"minecraft:flint":1,"minecraft:dirt":7,"minecraft:diorite":10,"minecraft:wooden_axe":1,"minecraft:oak_boat":1,"minecraft:stone_pickaxe":2,"minecraft:wooden_pickaxe":2}},"DataVersion":3465}