{"stats":{"minecraft:picked_up":{"minecraft:crafting_table":7,"minecraft:golden_carrot":5,"minecraft:leather":2,"minecraft:brown_mushroom":1,"minecraft:wooden_pickaxe":1,"minecraft:flint":1,"minecraft:oak_log":3,"minecraft:shield":1,"minecraft:lapis_lazuli":82,"minecraft:dirt":11,"minecraft:raw_copper":2,"minecraft:iron_axe":1,"minecraft:bone":4,"minecraft:blue_orchid":1,"minecraft:apple":5,"minecraft:bow":1,"minecraft:cobbled_deepslate":1,"minecraft:raw_gold":12,"minecraft:iron_ingot":1,"minecraft:beef":6,"minecraft:stone_pickaxe":1,"minecraft:oak_boat":1,"minecraft:sugar_cane":78,"minecraft:iron_sword":1,"minecraft:oak_planks":24,"minecraft:furnace":4,"minecraft:stick":4,"minecraft:raw_iron":48,"minecraft:porkchop":6,"minecraft:spruce_sapling":3,"minecraft:diorite":24,"minecraft:spruce_log":15,"minecraft:leather_helmet":2,"minecraft:arrow":1,"minecraft:rotten_flesh":7,"minecraft:gray_wool":1,"minecraft:mutton":2,"minecraft:coal":77,"minecraft:white_wool":1,"minecraft:cobblestone":120},"minecraft:custom":{"minecraft:interact_with_furnace":22,"minecraft:mob_kills":17,"minecraft:interact_with_crafting_table":6,"minecraft:time_since_death":26608,"minecraft:climb_one_cm":1358,"minecraft:time_since_rest":26608,"minecraft:sprint_one_cm":54667,"minecraft:damage_taken":486,"minecraft:walk_one_cm":34496,"minecraft:damage_blocked_by_shield":795,"minecraft:drop":23,"minecraft:damage_dealt":2661,"minecraft:swim_one_cm":1649,"minecraft:fly_one_cm":91924,"minecraft:player_kills":1,"minecraft:crouch_one_cm":9314,"minecraft:play_time":26608,"minecraft:sneak_time":4564,"minecraft:walk_under_water_one_cm":1731,"minecraft:jump":554,"minecraft:walk_on_water_one_cm":8077,"minecraft:total_world_time":26608,"minecraft:fall_one_cm":12395},"minecraft:killed":{"minecraft:pig":3,"minecraft:spider":1,"minecraft:skeleton":1,"minecraft:sheep":2,"minecraft:zombie":9,"minecraft:cow":1},"minecraft:crafted":{"minecraft:cooked_beef":6,"minecraft:cooked_porkchop":6,"minecraft:crafting_table":1,"minecraft:spruce_planks":60,"minecraft:wooden_pickaxe":1,"minecraft:iron_helmet":1,"minecraft:furnace":2,"minecraft:stone_axe":1,"minecraft:cooked_mutton":2,"minecraft:air":0,"minecraft:iron_boots":1,"minecraft:iron_chestplate":1,"minecraft:stick":12,"minecraft:iron_ingot":28,"minecraft:iron_pickaxe":1,"minecraft:stone_pickaxe":1,"minecraft:wooden_axe":1,"minecraft:iron_leggings":1,"minecraft:torch":24},"minecraft:mined":{"minecraft:crafting_table":5,"minecraft:grass_block":2,"minecraft:copper_ore":1,"minecraft:cobblestone":3,"minecraft:deepslate_gold_ore":3,"minecraft:spruce_leaves":2,"minecraft:lapis_ore":4,"minecraft:sugar_cane":29,"minecraft:diorite":14,"minecraft:spruce_sapling":1,"minecraft:furnace":3,"minecraft:iron_ore":32,"minecraft:spruce_log":7,"minecraft:grass":5,"minecraft:oak_log":3,"minecraft:coal_ore":72,"minecraft:deepslate_iron_ore":9,"minecraft:dirt":2,"minecraft:blue_orchid":1,"minecraft:stone":113,"minecraft:gold_ore":9,"minecraft:deepslate":1},"minecraft:used":{"minecraft:diorite":4,"minecraft:shield":13,"minecraft:wooden_pickaxe":23,"minecraft:torch":12,"minecraft:dirt":4,"minecraft:crafting_table":5,"minecraft:wooden_axe":7,"minecraft:apple":5,"minecraft:iron_axe":36,"minecraft:blue_orchid":1,"minecraft:iron_pickaxe":243,"minecraft:spruce_sapling":3,"minecraft:stone_axe":3,"minecraft:golden_carrot":2,"minecraft:cobblestone":27,"minecraft:bow":1,"minecraft:furnace":3,"minecraft:cooked_beef":2,"minecraft:gray_wool":1},"minecraft:dropped":{"minecraft:iron_sword":1,"minecraft:stone_axe":1,"minecraft:brown_mushroom":1,"minecraft:oak_log":3,"minecraft:raw_copper":2,"minecraft:rotten_flesh":7,"minecraft:oak_planks":24,"minecraft:leather_helmet":2,"minecraft:flint":1,"minecraft:dirt":7,"minecraft:diorite":20,"minecraft:wooden_axe":1,"minecraft:oak_boat":1,"minecraft:stone_pickaxe":2,"minecraft:wooden_pickaxe":2}},"DataVersion":3465}