{"stats":{"minecraft:picked_up":{"minecraft:stick":1,"minecraft:crafting_table":1,"minecraft:golden_carrot":5,"minecraft:oak_log":3,"minecraft:spruce_sapling":3,"minecraft:spruce_log":15,"minecraft:cobblestone":5},"minecraft:custom":{"minecraft:time_since_rest":2608,"minecraft:crouch_one_cm":918,"minecraft:play_time":2608,"minecraft:sprint_one_cm":2850,"minecraft:walk_one_cm":2081,"minecraft:sneak_time":416,"minecraft:drop":1,"minecraft:jump":36,"minecraft:time_since_death":2608,"minecraft:total_world_time":2608,"minecraft:climb_one_cm":261,"minecraft:interact_with_crafting_table":1,"minecraft:fall_one_cm":836,"minecraft:fly_one_cm":7572},"minecraft:crafted":{"minecraft:crafting_table":1,"minecraft:spruce_planks":60,"minecraft:stick":4,"minecraft:wooden_pickaxe":1,"minecraft:wooden_axe":1},"minecraft:mined":{"minecraft:grass":2,"minecraft:oak_log":3,"minecraft:spruce_sapling":1,"minecraft:stone":5,"minecraft:spruce_log":7,"minecraft:spruce_leaves":2,"minecraft:crafting_table":1},"minecraft:used":{"minecraft:wooden_axe":7,"minecraft:crafting_table":1,"minecraft:wooden_pickaxe":6,"minecraft:spruce_sapling":3},"minecraft:dropped":{"minecraft:oak_log":3}},"DataVersion":3465}