{"stats":{"minecraft:broken":{"minecraft:golden_hoe":1},"minecraft:picked_up":{"minecraft:wooden_axe":5,"minecraft:crafting_table":15,"minecraft:wheat":93,"minecraft:feather":11,"minecraft:cooked_beef":12,"minecraft:chicken":8,"minecraft:andesite":4,"minecraft:brown_wool":1,"minecraft:leather":6,"minecraft:brown_mushroom":1,"minecraft:wooden_pickaxe":6,"minecraft:potato":12,"minecraft:tuff":4,"minecraft:oak_log":84,"minecraft:golden_sword":1,"minecraft:string":1,"minecraft:dirt":1,"minecraft:cooked_mutton":1,"minecraft:beetroot":7,"minecraft:apple":4,"minecraft:wheat_seeds":254,"minecraft:cobbled_deepslate":1,"minecraft:beef":18,"minecraft:stone_pickaxe":2,"minecraft:oak_boat":1,"minecraft:light_gray_wool":1,"minecraft:chest":1,"minecraft:oak_planks":100,"minecraft:furnace":6,"minecraft:stick":22,"minecraft:raw_iron":5,"minecraft:sweet_berries":37,"minecraft:torch":2,"minecraft:fire_charge":1,"minecraft:porkchop":21,"minecraft:spruce_sapling":3,"minecraft:carrot":395,"minecraft:white_bed":2,"minecraft:spruce_log":18,"minecraft:rotten_flesh":2,"minecraft:beetroot_seeds":20,"minecraft:golden_hoe":1,"minecraft:hay_block":28,"minecraft:bone_meal":5,"minecraft:gray_wool":2,"minecraft:oak_sapling":9,"minecraft:obsidian":2,"minecraft:mutton":17,"minecraft:coal":165,"minecraft:white_wool":12,"minecraft:cobblestone":232},"minecraft:custom":{"minecraft:interact_with_furnace":46,"minecraft:mob_kills":43,"minecraft:interact_with_crafting_table":27,"minecraft:leave_game":4,"minecraft:time_since_death":7653,"minecraft:sleep_in_bed":1,"minecraft:climb_one_cm":1853,"minecraft:damage_resisted":1077,"minecraft:time_since_rest":7687,"minecraft:sprint_one_cm":257155,"minecraft:damage_taken":2476,"minecraft:walk_one_cm":222068,"minecraft:drop":20,"minecraft:damage_dealt":4346,"minecraft:swim_one_cm":86533,"minecraft:talked_to_villager":3,"minecraft:fly_one_cm":315982,"minecraft:open_chest":19,"minecraft:crouch_one_cm":1,"minecraft:play_time":96845,"minecraft:deaths":6,"minecraft:sneak_time":37,"minecraft:walk_under_water_one_cm":9662,"minecraft:boat_one_cm":11496,"minecraft:jump":1803,"minecraft:walk_on_water_one_cm":30480,"minecraft:total_world_time":96845,"minecraft:fall_one_cm":49217},"minecraft:killed":{"minecraft:pig":9,"minecraft:salmon":1,"minecraft:spider":1,"minecraft:sheep":15,"minecraft:zombie":1,"minecraft:chicken":8,"minecraft:cow":6},"minecraft:crafted":{"minecraft:oak_planks":336,"minecraft:cooked_porkchop":17,"minecraft:crafting_table":5,"minecraft:spruce_planks":72,"minecraft:cooked_chicken":1,"minecraft:wooden_pickaxe":5,"minecraft:furnace":3,"minecraft:stone_axe":5,"minecraft:bread":109,"minecraft:cooked_mutton":14,"minecraft:air":0,"minecraft:stick":44,"minecraft:iron_ingot":4,"minecraft:iron_pickaxe":1,"minecraft:stone_pickaxe":5,"minecraft:wooden_axe":5,"minecraft:chest":2,"minecraft:white_bed":1,"minecraft:torch":16,"minecraft:stone_hoe":1,"minecraft:wheat":252},"minecraft:mined":{"minecraft:white_bed":2,"minecraft:brown_mushroom":3,"minecraft:crafting_table":14,"minecraft:torch":1,"minecraft:grass_block":1,"minecraft:chest":1,"minecraft:cobblestone":8,"minecraft:spruce_leaves":14,"minecraft:wall_torch":1,"minecraft:large_fern":1,"minecraft:hay_block":28,"minecraft:furnace":6,"minecraft:carrots":105,"minecraft:iron_ore":4,"minecraft:wheat":94,"minecraft:sweet_berry_bush":16,"minecraft:spruce_log":19,"minecraft:grass":6,"minecraft:potatoes":4,"minecraft:oak_log":83,"minecraft:coal_ore":130,"minecraft:beetroots":7,"minecraft:stone":188,"minecraft:oak_leaves":7,"minecraft:fern":1},"minecraft:used":{"minecraft:wheat_seeds":168,"minecraft:cooked_mutton":1,"minecraft:stone_pickaxe":293,"minecraft:chest":3,"minecraft:wooden_pickaxe":22,"minecraft:brown_mushroom":1,"minecraft:stone_hoe":52,"minecraft:cooked_chicken":1,"minecraft:white_wool":2,"minecraft:torch":2,"minecraft:golden_hoe":194,"minecraft:dirt":1,"minecraft:crafting_table":15,"minecraft:carrot":120,"minecraft:white_bed":2,"minecraft:wooden_axe":106,"minecraft:apple":3,"minecraft:iron_pickaxe":23,"minecraft:bread":2,"minecraft:spruce_sapling":3,"minecraft:fire_charge":1,"minecraft:light_gray_wool":1,"minecraft:stone_axe":103,"minecraft:golden_sword":3,"minecraft:cobblestone":32,"minecraft:sweet_berries":13,"minecraft:oak_sapling":8,"minecraft:furnace":7,"minecraft:cooked_porkchop":9,"minecraft:oak_boat":1},"minecraft:killed_by":{"minecraft:player":4,"minecraft:skeleton":1},"minecraft:dropped":{"minecraft:wheat_seeds":1,"minecraft:feather":2,"minecraft:wooden_axe":7,"minecraft:oak_sapling":1,"minecraft:stone_pickaxe":1,"minecraft:wooden_pickaxe":8}},"DataVersion":3465}