{"stats":{"minecraft:broken":{"minecraft:golden_hoe":1},"minecraft:picked_up":{"minecraft:crafting_table":10,"minecraft:wheat":93,"minecraft:feather":11,"minecraft:cooked_beef":12,"minecraft:chicken":8,"minecraft:andesite":4,"minecraft:brown_wool":1,"minecraft:leather":6,"minecraft:potato":12,"minecraft:tuff":4,"minecraft:oak_log":68,"minecraft:golden_sword":1,"minecraft:string":1,"minecraft:dirt":1,"minecraft:beetroot":7,"minecraft:apple":4,"minecraft:wheat_seeds":254,"minecraft:cobbled_deepslate":1,"minecraft:beef":18,"minecraft:chest":1,"minecraft:oak_planks":48,"minecraft:furnace":4,"minecraft:stick":6,"minecraft:sweet_berries":37,"minecraft:torch":2,"minecraft:fire_charge":1,"minecraft:porkchop":17,"minecraft:spruce_sapling":3,"minecraft:carrot":395,"minecraft:white_bed":2,"minecraft:spruce_log":18,"minecraft:rotten_flesh":2,"minecraft:beetroot_seeds":20,"minecraft:golden_hoe":1,"minecraft:hay_block":28,"minecraft:bone_meal":5,"minecraft:gray_wool":2,"minecraft:oak_sapling":6,"minecraft:obsidian":2,"minecraft:mutton":15,"minecraft:coal":145,"minecraft:white_wool":10,"minecraft:cobblestone":109},"minecraft:custom":{"minecraft:interact_with_furnace":35,"minecraft:mob_kills":38,"minecraft:interact_with_crafting_table":19,"minecraft:leave_game":3,"minecraft:time_since_death":789,"minecraft:sleep_in_bed":1,"minecraft:climb_one_cm":1573,"minecraft:damage_resisted":1077,"minecraft:time_since_rest":825,"minecraft:sprint_one_cm":225745,"minecraft:damage_taken":1783,"minecraft:walk_one_cm":189804,"minecraft:drop":9,"minecraft:damage_dealt":3506,"minecraft:swim_one_cm":48079,"minecraft:talked_to_villager":3,"minecraft:fly_one_cm":274384,"minecraft:open_chest":19,"minecraft:crouch_one_cm":1,"minecraft:play_time":79065,"minecraft:deaths":5,"minecraft:sneak_time":37,"minecraft:walk_under_water_one_cm":3742,"minecraft:jump":1499,"minecraft:walk_on_water_one_cm":21382,"minecraft:total_world_time":79065,"minecraft:fall_one_cm":41245},"minecraft:killed":{"minecraft:pig":8,"minecraft:salmon":1,"minecraft:spider":1,"minecraft:sheep":13,"minecraft:chicken":8,"minecraft:cow":6},"minecraft:crafted":{"minecraft:oak_planks":272,"minecraft:cooked_porkchop":13,"minecraft:crafting_table":4,"minecraft:spruce_planks":72,"minecraft:cooked_chicken":1,"minecraft:wooden_pickaxe":4,"minecraft:furnace":2,"minecraft:stone_axe":4,"minecraft:bread":109,"minecraft:cooked_mutton":14,"minecraft:air":0,"minecraft:stick":40,"minecraft:stone_pickaxe":4,"minecraft:wooden_axe":4,"minecraft:chest":2,"minecraft:white_bed":1,"minecraft:torch":16,"minecraft:stone_hoe":1,"minecraft:wheat":252},"minecraft:mined":{"minecraft:white_bed":2,"minecraft:crafting_table":10,"minecraft:torch":1,"minecraft:grass_block":1,"minecraft:chest":1,"minecraft:spruce_leaves":14,"minecraft:wall_torch":1,"minecraft:large_fern":1,"minecraft:hay_block":28,"minecraft:furnace":4,"minecraft:carrots":105,"minecraft:wheat":94,"minecraft:sweet_berry_bush":16,"minecraft:spruce_log":18,"minecraft:grass":6,"minecraft:beetroots":7,"minecraft:potatoes":4,"minecraft:oak_log":68,"minecraft:coal_ore":112,"minecraft:stone":109,"minecraft:oak_leaves":7},"minecraft:used":{"minecraft:wheat_seeds":168,"minecraft:stone_pickaxe":209,"minecraft:chest":3,"minecraft:wooden_pickaxe":18,"minecraft:stone_hoe":52,"minecraft:cooked_chicken":1,"minecraft:white_wool":2,"minecraft:torch":2,"minecraft:golden_hoe":194,"minecraft:dirt":1,"minecraft:crafting_table":11,"minecraft:carrot":120,"minecraft:white_bed":2,"minecraft:wooden_axe":73,"minecraft:apple":3,"minecraft:bread":2,"minecraft:spruce_sapling":3,"minecraft:stone_axe":99,"minecraft:golden_sword":3,"minecraft:fire_charge":1,"minecraft:cobblestone":2,"minecraft:sweet_berries":13,"minecraft:oak_sapling":6,"minecraft:furnace":5,"minecraft:cooked_porkchop":5},"minecraft:killed_by":{"minecraft:player":4,"minecraft:skeleton":1},"minecraft:dropped":{"minecraft:wheat_seeds":1,"minecraft:feather":2,"minecraft:wooden_axe":3,"minecraft:wooden_pickaxe":3}},"DataVersion":3465}