{"stats":{"minecraft:picked_up":{"minecraft:crafting_table":8,"minecraft:feather":2,"minecraft:cooked_beef":12,"minecraft:chicken":1,"minecraft:leather":4,"minecraft:oak_log":68,"minecraft:string":1,"minecraft:dirt":1,"minecraft:apple":4,"minecraft:wheat_seeds":1,"minecraft:beef":12,"minecraft:furnace":2,"minecraft:stick":4,"minecraft:sweet_berries":37,"minecraft:torch":2,"minecraft:porkchop":3,"minecraft:white_bed":2,"minecraft:spruce_log":7,"minecraft:oak_sapling":6,"minecraft:mutton":4,"minecraft:coal":111,"minecraft:white_wool":3,"minecraft:cobblestone":91},"minecraft:custom":{"minecraft:interact_with_furnace":13,"minecraft:mob_kills":12,"minecraft:interact_with_crafting_table":11,"minecraft:leave_game":2,"minecraft:time_since_death":5974,"minecraft:sleep_in_bed":1,"minecraft:climb_one_cm":896,"minecraft:time_since_rest":6035,"minecraft:sprint_one_cm":103521,"minecraft:damage_taken":627,"minecraft:walk_one_cm":69762,"minecraft:drop":9,"minecraft:damage_dealt":1129,"minecraft:swim_one_cm":23202,"minecraft:fly_one_cm":79269,"minecraft:play_time":37060,"minecraft:deaths":2,"minecraft:sneak_time":11,"minecraft:walk_under_water_one_cm":2432,"minecraft:jump":644,"minecraft:walk_on_water_one_cm":14802,"minecraft:total_world_time":37060,"minecraft:fall_one_cm":15959},"minecraft:killed":{"minecraft:pig":2,"minecraft:spider":1,"minecraft:sheep":3,"minecraft:chicken":1,"minecraft:cow":4},"minecraft:crafted":{"minecraft:oak_planks":184,"minecraft:cooked_porkchop":3,"minecraft:crafting_table":3,"minecraft:spruce_planks":28,"minecraft:wooden_pickaxe":3,"minecraft:furnace":1,"minecraft:stone_axe":3,"minecraft:cooked_mutton":4,"minecraft:air":0,"minecraft:stick":36,"minecraft:stone_pickaxe":3,"minecraft:wooden_axe":3,"minecraft:white_bed":1,"minecraft:torch":16},"minecraft:mined":{"minecraft:white_bed":2,"minecraft:crafting_table":8,"minecraft:torch":1,"minecraft:grass_block":1,"minecraft:spruce_leaves":4,"minecraft:wall_torch":1,"minecraft:furnace":2,"minecraft:sweet_berry_bush":16,"minecraft:spruce_log":7,"minecraft:grass":3,"minecraft:oak_log":68,"minecraft:coal_ore":78,"minecraft:stone":91,"minecraft:oak_leaves":7},"minecraft:used":{"minecraft:stone_pickaxe":155,"minecraft:wooden_pickaxe":18,"minecraft:torch":2,"minecraft:dirt":1,"minecraft:crafting_table":8,"minecraft:white_bed":2,"minecraft:wooden_axe":49,"minecraft:apple":3,"minecraft:bread":2,"minecraft:stone_axe":49,"minecraft:sweet_berries":13,"minecraft:oak_sapling":6,"minecraft:furnace":2},"minecraft:killed_by":{"minecraft:player":1,"minecraft:skeleton":1},"minecraft:dropped":{"minecraft:wheat_seeds":1,"minecraft:feather":2,"minecraft:wooden_axe":3,"minecraft:wooden_pickaxe":3}},"DataVersion":3465}