{"stats":{"minecraft:dropped":{"minecraft:wheat_seeds":1},"minecraft:crafted":{"minecraft:oak_planks":12,"minecraft:crafting_table":1,"minecraft:stick":4,"minecraft:wooden_pickaxe":1,"minecraft:wooden_axe":1},"minecraft:picked_up":{"minecraft:stick":4,"minecraft:crafting_table":1,"minecraft:apple":2,"minecraft:wheat_seeds":1,"minecraft:oak_log":13},"minecraft:custom":{"minecraft:time_since_rest":3364,"minecraft:play_time":3364,"minecraft:sprint_one_cm":1692,"minecraft:walk_one_cm":1763,"minecraft:drop":1,"minecraft:jump":4,"minecraft:time_since_death":3364,"minecraft:total_world_time":3364,"minecraft:interact_with_crafting_table":1,"minecraft:fly_one_cm":908},"minecraft:used":{"minecraft:wooden_axe":13,"minecraft:crafting_table":1},"minecraft:mined":{"minecraft:grass":1,"minecraft:oak_log":14,"minecraft:oak_leaves":4,"minecraft:crafting_table":1}},"DataVersion":3465}