{"stats":{"minecraft:dropped":{"minecraft:wheat_seeds":1,"minecraft:wooden_axe":2,"minecraft:wooden_pickaxe":2},"minecraft:crafted":{"minecraft:oak_planks":180,"minecraft:cooked_porkchop":3,"minecraft:crafting_table":3,"minecraft:stick":20,"minecraft:wooden_pickaxe":3,"minecraft:stone_pickaxe":2,"minecraft:wooden_axe":3,"minecraft:furnace":1,"minecraft:white_bed":1,"minecraft:torch":16,"minecraft:stone_axe":2,"minecraft:cooked_mutton":4,"minecraft:air":0},"minecraft:picked_up":{"minecraft:stick":4,"minecraft:crafting_table":7,"minecraft:cooked_beef":12,"minecraft:sweet_berries":37,"minecraft:leather":4,"minecraft:torch":2,"minecraft:porkchop":3,"minecraft:oak_log":46,"minecraft:white_bed":2,"minecraft:spruce_log":7,"minecraft:dirt":1,"minecraft:string":1,"minecraft:apple":3,"minecraft:wheat_seeds":1,"minecraft:beef":12,"minecraft:oak_sapling":6,"minecraft:mutton":4,"minecraft:coal":111,"minecraft:white_wool":3,"minecraft:cobblestone":87,"minecraft:furnace":2},"minecraft:killed_by":{"minecraft:player":1,"minecraft:skeleton":1},"minecraft:killed":{"minecraft:sheep":3,"minecraft:pig":2,"minecraft:spider":1,"minecraft:cow":4},"minecraft:custom":{"minecraft:time_since_rest":2339,"minecraft:interact_with_furnace":13,"minecraft:sprint_one_cm":79870,"minecraft:damage_taken":627,"minecraft:walk_one_cm":59862,"minecraft:mob_kills":11,"minecraft:drop":5,"minecraft:damage_dealt":1089,"minecraft:swim_one_cm":23202,"minecraft:interact_with_crafting_table":9,"minecraft:fly_one_cm":67342,"minecraft:play_time":33364,"minecraft:deaths":2,"minecraft:sneak_time":11,"minecraft:walk_under_water_one_cm":2432,"minecraft:jump":578,"minecraft:time_since_death":2278,"minecraft:walk_on_water_one_cm":14802,"minecraft:sleep_in_bed":1,"minecraft:total_world_time":33364,"minecraft:climb_one_cm":896,"minecraft:fall_one_cm":14169},"minecraft:used":{"minecraft:wooden_axe":49,"minecraft:apple":2,"minecraft:bread":2,"minecraft:stone_pickaxe":155,"minecraft:wooden_pickaxe":15,"minecraft:torch":2,"minecraft:stone_axe":24,"minecraft:dirt":1,"minecraft:sweet_berries":13,"minecraft:crafting_table":7,"minecraft:furnace":2,"minecraft:oak_sapling":6,"minecraft:white_bed":2},"minecraft:mined":{"minecraft:white_bed":2,"minecraft:furnace":2,"minecraft:sweet_berry_bush":16,"minecraft:spruce_log":7,"minecraft:torch":1,"minecraft:crafting_table":7,"minecraft:grass":3,"minecraft:grass_block":1,"minecraft:oak_log":46,"minecraft:coal_ore":78,"minecraft:spruce_leaves":4,"minecraft:stone":88,"minecraft:wall_torch":1,"minecraft:oak_leaves":6}},"DataVersion":3465}