{"stats":{"minecraft:broken":{"minecraft:golden_hoe":1},"minecraft:picked_up":{"minecraft:crafting_table":12,"minecraft:wheat":93,"minecraft:feather":11,"minecraft:cooked_beef":12,"minecraft:chicken":8,"minecraft:brown_mushroom":1,"minecraft:andesite":4,"minecraft:brown_wool":1,"minecraft:leather":6,"minecraft:wooden_pickaxe":1,"minecraft:potato":12,"minecraft:tuff":4,"minecraft:oak_log":84,"minecraft:golden_sword":1,"minecraft:dirt":1,"minecraft:string":1,"minecraft:beetroot":7,"minecraft:apple":4,"minecraft:wheat_seeds":254,"minecraft:cobbled_deepslate":1,"minecraft:beef":18,"minecraft:light_gray_wool":1,"minecraft:chest":1,"minecraft:oak_planks":48,"minecraft:furnace":4,"minecraft:stick":15,"minecraft:sweet_berries":37,"minecraft:torch":2,"minecraft:fire_charge":1,"minecraft:porkchop":17,"minecraft:spruce_sapling":3,"minecraft:carrot":395,"minecraft:white_bed":2,"minecraft:spruce_log":18,"minecraft:rotten_flesh":2,"minecraft:beetroot_seeds":20,"minecraft:golden_hoe":1,"minecraft:hay_block":28,"minecraft:bone_meal":5,"minecraft:gray_wool":2,"minecraft:oak_sapling":8,"minecraft:obsidian":2,"minecraft:mutton":17,"minecraft:coal":148,"minecraft:white_wool":11,"minecraft:cobblestone":158},"minecraft:custom":{"minecraft:interact_with_furnace":38,"minecraft:mob_kills":40,"minecraft:interact_with_crafting_table":25,"minecraft:leave_game":3,"minecraft:time_since_death":6724,"minecraft:sleep_in_bed":1,"minecraft:climb_one_cm":1853,"minecraft:damage_resisted":1077,"minecraft:time_since_rest":6760,"minecraft:sprint_one_cm":235163,"minecraft:damage_taken":1813,"minecraft:walk_one_cm":200857,"minecraft:drop":11,"minecraft:damage_dealt":3666,"minecraft:swim_one_cm":48079,"minecraft:talked_to_villager":3,"minecraft:fly_one_cm":281932,"minecraft:open_chest":19,"minecraft:crouch_one_cm":1,"minecraft:play_time":85000,"minecraft:deaths":5,"minecraft:sneak_time":37,"minecraft:walk_under_water_one_cm":3758,"minecraft:jump":1559,"minecraft:walk_on_water_one_cm":23314,"minecraft:total_world_time":85000,"minecraft:fall_one_cm":42141},"minecraft:killed":{"minecraft:pig":8,"minecraft:salmon":1,"minecraft:spider":1,"minecraft:sheep":15,"minecraft:chicken":8,"minecraft:cow":6},"minecraft:crafted":{"minecraft:oak_planks":336,"minecraft:cooked_porkchop":13,"minecraft:crafting_table":5,"minecraft:spruce_planks":72,"minecraft:wooden_pickaxe":5,"minecraft:cooked_chicken":1,"minecraft:furnace":3,"minecraft:stone_axe":4,"minecraft:bread":109,"minecraft:cooked_mutton":14,"minecraft:air":0,"minecraft:stick":44,"minecraft:stone_pickaxe":5,"minecraft:wooden_axe":5,"minecraft:chest":2,"minecraft:white_bed":1,"minecraft:torch":16,"minecraft:stone_hoe":1,"minecraft:wheat":252},"minecraft:mined":{"minecraft:brown_mushroom":3,"minecraft:white_bed":2,"minecraft:crafting_table":12,"minecraft:torch":1,"minecraft:grass_block":1,"minecraft:chest":1,"minecraft:spruce_leaves":14,"minecraft:wall_torch":1,"minecraft:large_fern":1,"minecraft:hay_block":28,"minecraft:furnace":4,"minecraft:carrots":105,"minecraft:wheat":94,"minecraft:sweet_berry_bush":16,"minecraft:spruce_log":19,"minecraft:grass":6,"minecraft:oak_log":83,"minecraft:potatoes":4,"minecraft:coal_ore":115,"minecraft:beetroots":7,"minecraft:stone":158,"minecraft:fern":1,"minecraft:oak_leaves":7},"minecraft:used":{"minecraft:wheat_seeds":168,"minecraft:stone_pickaxe":257,"minecraft:chest":3,"minecraft:wooden_pickaxe":22,"minecraft:brown_mushroom":1,"minecraft:stone_hoe":52,"minecraft:cooked_chicken":1,"minecraft:white_wool":2,"minecraft:torch":2,"minecraft:golden_hoe":194,"minecraft:dirt":1,"minecraft:crafting_table":14,"minecraft:carrot":120,"minecraft:white_bed":2,"minecraft:wooden_axe":92,"minecraft:apple":3,"minecraft:bread":2,"minecraft:spruce_sapling":3,"minecraft:light_gray_wool":1,"minecraft:fire_charge":1,"minecraft:stone_axe":99,"minecraft:golden_sword":3,"minecraft:cobblestone":2,"minecraft:sweet_berries":13,"minecraft:oak_sapling":8,"minecraft:furnace":6,"minecraft:cooked_porkchop":5},"minecraft:killed_by":{"minecraft:player":4,"minecraft:skeleton":1},"minecraft:dropped":{"minecraft:wheat_seeds":1,"minecraft:feather":2,"minecraft:wooden_axe":3,"minecraft:wooden_pickaxe":5}},"DataVersion":3465}