{"stats":{"minecraft:picked_up":{"minecraft:crafting_table":9,"minecraft:feather":11,"minecraft:cooked_beef":12,"minecraft:chicken":8,"minecraft:leather":4,"minecraft:oak_log":68,"minecraft:golden_sword":1,"minecraft:string":1,"minecraft:dirt":1,"minecraft:apple":4,"minecraft:wheat_seeds":1,"minecraft:beef":12,"minecraft:chest":1,"minecraft:oak_planks":48,"minecraft:furnace":4,"minecraft:stick":4,"minecraft:sweet_berries":37,"minecraft:torch":2,"minecraft:fire_charge":1,"minecraft:porkchop":11,"minecraft:white_bed":2,"minecraft:spruce_log":7,"minecraft:golden_hoe":1,"minecraft:gray_wool":2,"minecraft:oak_sapling":6,"minecraft:obsidian":2,"minecraft:mutton":12,"minecraft:coal":111,"minecraft:white_wool":7,"minecraft:cobblestone":101},"minecraft:custom":{"minecraft:interact_with_furnace":24,"minecraft:mob_kills":28,"minecraft:interact_with_crafting_table":12,"minecraft:leave_game":2,"minecraft:time_since_death":17974,"minecraft:sleep_in_bed":1,"minecraft:climb_one_cm":896,"minecraft:damage_resisted":20,"minecraft:time_since_rest":18035,"minecraft:sprint_one_cm":176425,"minecraft:damage_taken":954,"minecraft:walk_one_cm":102319,"minecraft:drop":9,"minecraft:damage_dealt":2466,"minecraft:swim_one_cm":29677,"minecraft:fly_one_cm":203427,"minecraft:open_chest":1,"minecraft:play_time":49060,"minecraft:deaths":2,"minecraft:sneak_time":11,"minecraft:walk_under_water_one_cm":3027,"minecraft:jump":1051,"minecraft:walk_on_water_one_cm":16051,"minecraft:total_world_time":49060,"minecraft:fall_one_cm":25119},"minecraft:killed":{"minecraft:pig":5,"minecraft:spider":1,"minecraft:sheep":9,"minecraft:chicken":8,"minecraft:cow":4},"minecraft:crafted":{"minecraft:oak_planks":272,"minecraft:cooked_porkchop":10,"minecraft:crafting_table":3,"minecraft:spruce_planks":28,"minecraft:cooked_chicken":1,"minecraft:wooden_pickaxe":3,"minecraft:furnace":2,"minecraft:stone_axe":3,"minecraft:cooked_mutton":4,"minecraft:air":0,"minecraft:stick":36,"minecraft:stone_pickaxe":3,"minecraft:wooden_axe":3,"minecraft:white_bed":1,"minecraft:torch":16},"minecraft:mined":{"minecraft:white_bed":2,"minecraft:crafting_table":9,"minecraft:torch":1,"minecraft:grass_block":1,"minecraft:chest":1,"minecraft:spruce_leaves":4,"minecraft:wall_torch":1,"minecraft:large_fern":1,"minecraft:furnace":4,"minecraft:sweet_berry_bush":16,"minecraft:spruce_log":7,"minecraft:grass":5,"minecraft:oak_log":68,"minecraft:coal_ore":78,"minecraft:stone":101,"minecraft:oak_leaves":7},"minecraft:used":{"minecraft:stone_pickaxe":167,"minecraft:wooden_pickaxe":18,"minecraft:cooked_chicken":1,"minecraft:torch":2,"minecraft:golden_hoe":1,"minecraft:dirt":1,"minecraft:crafting_table":9,"minecraft:white_bed":2,"minecraft:wooden_axe":49,"minecraft:apple":3,"minecraft:bread":2,"minecraft:stone_axe":87,"minecraft:golden_sword":3,"minecraft:fire_charge":1,"minecraft:cobblestone":2,"minecraft:sweet_berries":13,"minecraft:oak_sapling":6,"minecraft:furnace":4,"minecraft:cooked_porkchop":4},"minecraft:killed_by":{"minecraft:player":1,"minecraft:skeleton":1},"minecraft:dropped":{"minecraft:wheat_seeds":1,"minecraft:feather":2,"minecraft:wooden_axe":3,"minecraft:wooden_pickaxe":3}},"DataVersion":3465}