{"stats":{"minecraft:broken":{"minecraft:golden_hoe":1},"minecraft:picked_up":{"minecraft:wooden_axe":5,"minecraft:crafting_table":18,"minecraft:wheat":93,"minecraft:chicken":8,"minecraft:brown_mushroom":1,"minecraft:wooden_pickaxe":6,"minecraft:golden_sword":1,"minecraft:shield":1,"minecraft:string":3,"minecraft:beetroot":7,"minecraft:cobbled_deepslate":1,"minecraft:beef":18,"minecraft:oak_boat":1,"minecraft:iron_nugget":11,"minecraft:light_gray_wool":1,"minecraft:chest":2,"minecraft:furnace":9,"minecraft:golden_helmet":1,"minecraft:raw_iron":11,"minecraft:stick":22,"minecraft:torch":2,"minecraft:fire_charge":2,"minecraft:porkchop":35,"minecraft:carrot":395,"minecraft:golden_chestplate":1,"minecraft:arrow":3,"minecraft:rotten_flesh":2,"minecraft:beetroot_seeds":20,"minecraft:golden_hoe":1,"minecraft:hay_block":28,"minecraft:mutton":21,"minecraft:obsidian":2,"minecraft:cobblestone":275,"minecraft:white_wool":14,"minecraft:feather":11,"minecraft:cooked_beef":12,"minecraft:golden_carrot":11,"minecraft:andesite":4,"minecraft:leather":6,"minecraft:brown_wool":1,"minecraft:potato":12,"minecraft:flint":3,"minecraft:tuff":4,"minecraft:oak_log":87,"minecraft:dirt":4,"minecraft:cooked_mutton":1,"minecraft:bone":5,"minecraft:apple":4,"minecraft:wheat_seeds":254,"minecraft:stone_pickaxe":3,"minecraft:oak_planks":124,"minecraft:iron_sword":2,"minecraft:cooked_porkchop":5,"minecraft:sweet_berries":37,"minecraft:spruce_sapling":4,"minecraft:white_bed":2,"minecraft:spruce_log":26,"minecraft:bone_meal":5,"minecraft:golden_apple":2,"minecraft:gray_wool":2,"minecraft:oak_sapling":9,"minecraft:coal":218},"minecraft:custom":{"minecraft:mob_kills":60,"minecraft:interact_with_crafting_table":31,"minecraft:leave_game":6,"minecraft:time_since_death":66,"minecraft:climb_one_cm":4164,"minecraft:damage_resisted":1077,"minecraft:sprint_one_cm":354873,"minecraft:walk_one_cm":287976,"minecraft:damage_blocked_by_shield":1155,"minecraft:drop":26,"minecraft:talked_to_villager":3,"minecraft:play_time":124996,"minecraft:deaths":7,"minecraft:sneak_time":96,"minecraft:walk_under_water_one_cm":13047,"minecraft:boat_one_cm":11496,"minecraft:jump":2470,"minecraft:walk_on_water_one_cm":50440,"minecraft:total_world_time":124996,"minecraft:interact_with_furnace":55,"minecraft:sleep_in_bed":1,"minecraft:time_since_rest":148,"minecraft:damage_taken":3338,"minecraft:damage_dealt":6508,"minecraft:swim_one_cm":125460,"minecraft:fly_one_cm":415707,"minecraft:open_chest":21,"minecraft:crouch_one_cm":43,"minecraft:fall_one_cm":65004},"minecraft:killed":{"minecraft:spider":2,"minecraft:skeleton":3,"minecraft:chicken":8,"minecraft:pig":17,"minecraft:salmon":1,"minecraft:sheep":18,"minecraft:zombie":3,"minecraft:cow":6},"minecraft:crafted":{"minecraft:oak_planks":348,"minecraft:cooked_chicken":1,"minecraft:furnace":4,"minecraft:cooked_mutton":14,"minecraft:stone_pickaxe":5,"minecraft:chest":2,"minecraft:stone_hoe":1,"minecraft:wheat":252,"minecraft:cooked_porkchop":20,"minecraft:crafting_table":5,"minecraft:spruce_planks":72,"minecraft:wooden_pickaxe":5,"minecraft:stone_axe":5,"minecraft:bread":109,"minecraft:air":0,"minecraft:shield":1,"minecraft:stick":44,"minecraft:iron_ingot":5,"minecraft:iron_pickaxe":1,"minecraft:wooden_axe":5,"minecraft:white_bed":1,"minecraft:torch":16},"minecraft:mined":{"minecraft:white_bed":2,"minecraft:grass_block":2,"minecraft:spruce_leaves":19,"minecraft:large_fern":1,"minecraft:hay_block":28,"minecraft:furnace":9,"minecraft:carrots":105,"minecraft:iron_ore":10,"minecraft:potatoes":4,"minecraft:vine":1,"minecraft:stone":230,"minecraft:brown_mushroom":3,"minecraft:crafting_table":17,"minecraft:torch":1,"minecraft:chest":2,"minecraft:cobblestone":11,"minecraft:wall_torch":1,"minecraft:sweet_berry_bush":16,"minecraft:wheat":94,"minecraft:spruce_log":27,"minecraft:grass":9,"minecraft:oak_log":83,"minecraft:coal_ore":152,"minecraft:beetroots":7,"minecraft:dirt":2,"minecraft:oak_leaves":7,"minecraft:fern":2},"minecraft:used":{"minecraft:chest":4,"minecraft:shield":17,"minecraft:stone_hoe":52,"minecraft:cooked_chicken":1,"minecraft:torch":2,"minecraft:dirt":4,"minecraft:carrot":120,"minecraft:wooden_axe":106,"minecraft:light_gray_wool":1,"minecraft:golden_sword":3,"minecraft:golden_carrot":2,"minecraft:sweet_berries":13,"minecraft:furnace":12,"minecraft:oak_sapling":8,"minecraft:wheat_seeds":168,"minecraft:cooked_mutton":1,"minecraft:stone_pickaxe":293,"minecraft:wooden_pickaxe":22,"minecraft:brown_mushroom":1,"minecraft:white_wool":2,"minecraft:golden_hoe":194,"minecraft:crafting_table":18,"minecraft:white_bed":2,"minecraft:apple":3,"minecraft:bread":2,"minecraft:iron_pickaxe":102,"minecraft:spruce_sapling":3,"minecraft:stone_axe":163,"minecraft:fire_charge":1,"minecraft:cobblestone":45,"minecraft:cooked_porkchop":16,"minecraft:oak_boat":1},"minecraft:killed_by":{"minecraft:player":4,"minecraft:skeleton":2},"minecraft:dropped":{"minecraft:iron_ingot":1,"minecraft:wheat_seeds":1,"minecraft:feather":2,"minecraft:golden_carrot":5,"minecraft:wooden_axe":7,"minecraft:spruce_sapling":1,"minecraft:shield":1,"minecraft:oak_sapling":1,"minecraft:spruce_log":8,"minecraft:wooden_pickaxe":8,"minecraft:stone_pickaxe":2}},"DataVersion":3465}