{"stats":{"minecraft:broken":{"minecraft:golden_hoe":1},"minecraft:picked_up":{"minecraft:wooden_axe":5,"minecraft:crafting_table":17,"minecraft:wheat":93,"minecraft:feather":11,"minecraft:cooked_beef":12,"minecraft:golden_carrot":11,"minecraft:chicken":8,"minecraft:andesite":4,"minecraft:brown_wool":1,"minecraft:leather":6,"minecraft:brown_mushroom":1,"minecraft:wooden_pickaxe":6,"minecraft:potato":12,"minecraft:flint":3,"minecraft:tuff":4,"minecraft:oak_log":87,"minecraft:golden_sword":1,"minecraft:string":1,"minecraft:dirt":4,"minecraft:cooked_mutton":1,"minecraft:bone":2,"minecraft:beetroot":7,"minecraft:apple":4,"minecraft:wheat_seeds":254,"minecraft:cobbled_deepslate":1,"minecraft:beef":18,"minecraft:stone_pickaxe":2,"minecraft:oak_boat":1,"minecraft:iron_nugget":11,"minecraft:light_gray_wool":1,"minecraft:chest":2,"minecraft:oak_planks":100,"minecraft:furnace":7,"minecraft:golden_helmet":1,"minecraft:stick":22,"minecraft:raw_iron":5,"minecraft:sweet_berries":37,"minecraft:torch":2,"minecraft:fire_charge":2,"minecraft:porkchop":28,"minecraft:spruce_sapling":4,"minecraft:carrot":395,"minecraft:white_bed":2,"minecraft:spruce_log":26,"minecraft:golden_chestplate":1,"minecraft:arrow":2,"minecraft:rotten_flesh":2,"minecraft:beetroot_seeds":20,"minecraft:golden_hoe":1,"minecraft:hay_block":28,"minecraft:bone_meal":5,"minecraft:golden_apple":2,"minecraft:gray_wool":2,"minecraft:oak_sapling":9,"minecraft:obsidian":2,"minecraft:mutton":17,"minecraft:coal":176,"minecraft:white_wool":12,"minecraft:cobblestone":256},"minecraft:custom":{"minecraft:interact_with_furnace":46,"minecraft:mob_kills":48,"minecraft:interact_with_crafting_table":29,"minecraft:leave_game":4,"minecraft:time_since_death":19653,"minecraft:sleep_in_bed":1,"minecraft:climb_one_cm":1853,"minecraft:damage_resisted":1077,"minecraft:time_since_rest":19687,"minecraft:sprint_one_cm":291451,"minecraft:damage_taken":2616,"minecraft:walk_one_cm":242829,"minecraft:damage_blocked_by_shield":120,"minecraft:drop":24,"minecraft:damage_dealt":4946,"minecraft:swim_one_cm":119611,"minecraft:talked_to_villager":3,"minecraft:fly_one_cm":341781,"minecraft:open_chest":21,"minecraft:crouch_one_cm":1,"minecraft:play_time":108845,"minecraft:deaths":6,"minecraft:sneak_time":39,"minecraft:walk_under_water_one_cm":12399,"minecraft:boat_one_cm":11496,"minecraft:jump":2048,"minecraft:walk_on_water_one_cm":40928,"minecraft:total_world_time":108845,"minecraft:fall_one_cm":54154},"minecraft:killed":{"minecraft:pig":13,"minecraft:salmon":1,"minecraft:spider":1,"minecraft:skeleton":1,"minecraft:sheep":15,"minecraft:zombie":1,"minecraft:chicken":8,"minecraft:cow":6},"minecraft:crafted":{"minecraft:oak_planks":348,"minecraft:cooked_porkchop":17,"minecraft:crafting_table":5,"minecraft:spruce_planks":72,"minecraft:cooked_chicken":1,"minecraft:wooden_pickaxe":5,"minecraft:furnace":3,"minecraft:stone_axe":5,"minecraft:bread":109,"minecraft:cooked_mutton":14,"minecraft:air":0,"minecraft:shield":1,"minecraft:stick":44,"minecraft:iron_ingot":5,"minecraft:iron_pickaxe":1,"minecraft:stone_pickaxe":5,"minecraft:wooden_axe":5,"minecraft:chest":2,"minecraft:white_bed":1,"minecraft:torch":16,"minecraft:stone_hoe":1,"minecraft:wheat":252},"minecraft:mined":{"minecraft:white_bed":2,"minecraft:brown_mushroom":3,"minecraft:crafting_table":16,"minecraft:torch":1,"minecraft:grass_block":2,"minecraft:chest":2,"minecraft:cobblestone":8,"minecraft:spruce_leaves":19,"minecraft:wall_torch":1,"minecraft:large_fern":1,"minecraft:hay_block":28,"minecraft:furnace":7,"minecraft:carrots":105,"minecraft:iron_ore":4,"minecraft:wheat":94,"minecraft:sweet_berry_bush":16,"minecraft:spruce_log":27,"minecraft:grass":6,"minecraft:potatoes":4,"minecraft:oak_log":83,"minecraft:coal_ore":142,"minecraft:beetroots":7,"minecraft:dirt":2,"minecraft:stone":212,"minecraft:oak_leaves":7,"minecraft:fern":2},"minecraft:used":{"minecraft:wheat_seeds":168,"minecraft:cooked_mutton":1,"minecraft:stone_pickaxe":293,"minecraft:shield":2,"minecraft:chest":4,"minecraft:wooden_pickaxe":22,"minecraft:brown_mushroom":1,"minecraft:stone_hoe":52,"minecraft:cooked_chicken":1,"minecraft:white_wool":2,"minecraft:torch":2,"minecraft:golden_hoe":194,"minecraft:dirt":4,"minecraft:crafting_table":17,"minecraft:carrot":120,"minecraft:white_bed":2,"minecraft:wooden_axe":106,"minecraft:apple":3,"minecraft:iron_pickaxe":63,"minecraft:bread":2,"minecraft:spruce_sapling":3,"minecraft:fire_charge":1,"minecraft:light_gray_wool":1,"minecraft:stone_axe":131,"minecraft:golden_sword":3,"minecraft:golden_carrot":2,"minecraft:cobblestone":32,"minecraft:sweet_berries":13,"minecraft:oak_sapling":8,"minecraft:furnace":8,"minecraft:cooked_porkchop":9,"minecraft:oak_boat":1},"minecraft:killed_by":{"minecraft:player":4,"minecraft:skeleton":1},"minecraft:dropped":{"minecraft:wheat_seeds":1,"minecraft:feather":2,"minecraft:golden_carrot":5,"minecraft:wooden_axe":7,"minecraft:spruce_log":8,"minecraft:oak_sapling":1,"minecraft:stone_pickaxe":2,"minecraft:wooden_pickaxe":8,"minecraft:spruce_sapling":1}},"DataVersion":3465}