{"stats":{"minecraft:dropped":{"minecraft:wheat_seeds":1,"minecraft:wooden_axe":2,"minecraft:wooden_pickaxe":2},"minecraft:crafted":{"minecraft:oak_planks":160,"minecraft:crafting_table":2,"minecraft:stick":16,"minecraft:wooden_pickaxe":2,"minecraft:stone_pickaxe":2,"minecraft:wooden_axe":2,"minecraft:furnace":1,"minecraft:white_bed":1,"minecraft:stone_axe":2},"minecraft:picked_up":{"minecraft:stick":4,"minecraft:crafting_table":6,"minecraft:sweet_berries":37,"minecraft:porkchop":3,"minecraft:oak_log":40,"minecraft:white_bed":1,"minecraft:apple":3,"minecraft:wheat_seeds":1,"minecraft:beef":4,"minecraft:oak_sapling":6,"minecraft:mutton":4,"minecraft:coal":52,"minecraft:white_wool":3,"minecraft:cobblestone":66},"minecraft:killed_by":{"minecraft:skeleton":1},"minecraft:killed":{"minecraft:sheep":3,"minecraft:pig":2,"minecraft:cow":2},"minecraft:custom":{"minecraft:time_since_rest":12100,"minecraft:interact_with_furnace":1,"minecraft:sprint_one_cm":56254,"minecraft:damage_taken":295,"minecraft:walk_one_cm":39788,"minecraft:mob_kills":7,"minecraft:drop":5,"minecraft:damage_dealt":639,"minecraft:swim_one_cm":15959,"minecraft:interact_with_crafting_table":8,"minecraft:fly_one_cm":43294,"minecraft:play_time":21364,"minecraft:deaths":1,"minecraft:sneak_time":11,"minecraft:walk_under_water_one_cm":1419,"minecraft:jump":366,"minecraft:time_since_death":12053,"minecraft:walk_on_water_one_cm":10230,"minecraft:total_world_time":21364,"minecraft:climb_one_cm":490,"minecraft:fall_one_cm":9521},"minecraft:used":{"minecraft:wooden_axe":41,"minecraft:apple":2,"minecraft:bread":2,"minecraft:stone_pickaxe":107,"minecraft:wooden_pickaxe":12,"minecraft:stone_axe":15,"minecraft:crafting_table":6,"minecraft:furnace":1,"minecraft:oak_sapling":6,"minecraft:white_bed":1},"minecraft:mined":{"minecraft:white_bed":1,"minecraft:sweet_berry_bush":14,"minecraft:crafting_table":6,"minecraft:grass":2,"minecraft:oak_log":40,"minecraft:coal_ore":52,"minecraft:spruce_leaves":4,"minecraft:stone":66,"minecraft:oak_leaves":6}},"DataVersion":3465}