{"stats":{"minecraft:broken":{"minecraft:golden_sword":1},"minecraft:picked_up":{"minecraft:wheat":17,"minecraft:crafting_table":12,"minecraft:chicken":1,"minecraft:golden_sword":1,"minecraft:string":1,"minecraft:large_fern":4,"minecraft:flint_and_steel":1,"minecraft:iron_shovel":1,"minecraft:cobbled_deepslate":29,"minecraft:spruce_planks":4,"minecraft:iron_nugget":35,"minecraft:iron_pickaxe":1,"minecraft:sugar_cane":2,"minecraft:chest":24,"minecraft:egg":1,"minecraft:iron_boots":1,"minecraft:furnace":2,"minecraft:golden_helmet":1,"minecraft:stick":31,"minecraft:raw_iron":43,"minecraft:torch":18,"minecraft:fire_charge":1,"minecraft:carrot":19,"minecraft:stone_sword":1,"minecraft:pumpkin_pie":1,"minecraft:golden_hoe":1,"minecraft:gold_ingot":3,"minecraft:mutton":2,"minecraft:obsidian":1,"minecraft:white_wool":3,"minecraft:cobblestone":283,"minecraft:birch_log":7,"minecraft:feather":1,"minecraft:clock":1,"minecraft:cooked_beef":12,"minecraft:andesite":18,"minecraft:leather":4,"minecraft:potato":16,"minecraft:filled_map":1,"minecraft:flint":4,"minecraft:tuff":8,"minecraft:oak_log":100,"minecraft:paper":1,"minecraft:map":2,"minecraft:dirt":47,"minecraft:cooked_mutton":4,"minecraft:apple":2,"minecraft:wheat_seeds":51,"minecraft:grindstone":1,"minecraft:stone_pickaxe":3,"minecraft:oak_planks":71,"minecraft:stone_hoe":1,"minecraft:cooked_porkchop":3,"minecraft:sweet_berries":35,"minecraft:gravel":5,"minecraft:sand":1,"minecraft:spruce_sapling":22,"minecraft:white_bed":1,"minecraft:spruce_log":28,"minecraft:pumpkin_seeds":5,"minecraft:purple_bed":1,"minecraft:diamond":39,"minecraft:stone_axe":3,"minecraft:granite":2,"minecraft:spruce_sign":2,"minecraft:emerald":5,"minecraft:bread":59,"minecraft:oak_sapling":43,"minecraft:coal":104},"minecraft:custom":{"minecraft:mob_kills":7,"minecraft:interact_with_crafting_table":45,"minecraft:leave_game":8,"minecraft:time_since_death":9988,"minecraft:climb_one_cm":1361,"minecraft:sprint_one_cm":153,"minecraft:walk_one_cm":22991,"minecraft:damage_blocked_by_shield":1563,"minecraft:drop":44,"minecraft:talked_to_villager":1,"minecraft:play_time":90361,"minecraft:deaths":5,"minecraft:sneak_time":1341,"minecraft:walk_under_water_one_cm":10229,"minecraft:boat_one_cm":4011,"minecraft:jump":1952,"minecraft:walk_on_water_one_cm":13453,"minecraft:total_world_time":90361,"minecraft:interact_with_furnace":9,"minecraft:time_since_rest":10020,"minecraft:damage_taken":2468,"minecraft:damage_dealt":3228,"minecraft:swim_one_cm":79588,"minecraft:fly_one_cm":677864,"minecraft:player_kills":4,"minecraft:open_chest":9,"minecraft:crouch_one_cm":568,"minecraft:fall_one_cm":59681},"minecraft:killed":{"minecraft:spider":1,"minecraft:chicken":1,"minecraft:sheep":1,"minecraft:zombie":4},"minecraft:crafted":{"minecraft:wooden_sword":3,"minecraft:oak_planks":160,"minecraft:furnace":2,"minecraft:cooked_mutton":2,"minecraft:iron_boots":1,"minecraft:iron_axe":2,"minecraft:stone_pickaxe":5,"minecraft:diamond_boots":1,"minecraft:diamond_sword":1,"minecraft:crafting_table":5,"minecraft:spruce_planks":80,"minecraft:wooden_pickaxe":5,"minecraft:iron_helmet":2,"minecraft:iron_sword":1,"minecraft:stone_axe":5,"minecraft:air":0,"minecraft:oak_boat":2,"minecraft:iron_chestplate":1,"minecraft:shield":2,"minecraft:stick":48,"minecraft:iron_pickaxe":1,"minecraft:iron_ingot":34,"minecraft:stone_sword":4,"minecraft:iron_leggings":1},"minecraft:mined":{"minecraft:diamond_ore":6,"minecraft:tuff":8,"minecraft:spruce_planks":4,"minecraft:deepslate_diamond_ore":33,"minecraft:granite":2,"minecraft:grass_block":18,"minecraft:spruce_leaves":32,"minecraft:furnace":1,"minecraft:iron_ore":40,"minecraft:fire":11,"minecraft:andesite":18,"minecraft:deepslate_iron_ore":3,"minecraft:dirt_path":1,"minecraft:stone":299,"minecraft:crafting_table":11,"minecraft:torch":1,"minecraft:chest":14,"minecraft:dead_bush":2,"minecraft:cobblestone":4,"minecraft:grindstone":1,"minecraft:oak_planks":9,"minecraft:diorite":20,"minecraft:wall_torch":1,"minecraft:spruce_sign":1,"minecraft:purple_bed":1,"minecraft:birch_log":7,"minecraft:spruce_log":8,"minecraft:grass":2,"minecraft:oak_log":100,"minecraft:coal_ore":27,"minecraft:gravel":6,"minecraft:sand":1,"minecraft:dirt":28,"minecraft:smooth_basalt":2,"minecraft:oak_leaves":15,"minecraft:deepslate":138},"minecraft:used":{"minecraft:stone_sword":16,"minecraft:iron_shovel":3,"minecraft:flint_and_steel":14,"minecraft:spruce_planks":30,"minecraft:shield":10,"minecraft:iron_sword":9,"minecraft:dirt":6,"minecraft:iron_axe":4,"minecraft:golden_sword":22,"minecraft:oak_sapling":12,"minecraft:furnace":1,"minecraft:egg":1,"minecraft:cobbled_deepslate":10,"minecraft:cooked_mutton":5,"minecraft:stone_pickaxe":205,"minecraft:oak_planks":30,"minecraft:wooden_pickaxe":116,"minecraft:spruce_sign":1,"minecraft:crafting_table":13,"minecraft:bread":12,"minecraft:iron_pickaxe":296,"minecraft:map":2,"minecraft:gravel":1,"minecraft:stone_axe":179,"minecraft:diamond_sword":19,"minecraft:wooden_sword":1,"minecraft:cobblestone":33,"minecraft:oak_boat":1},"minecraft:dropped":{"minecraft:crafting_table":1,"minecraft:iron_helmet":1,"minecraft:stick":1,"minecraft:dirt":9,"minecraft:torch":2,"minecraft:pumpkin_pie":1,"minecraft:white_wool":2,"minecraft:furnace":1,"minecraft:stone_axe":2,"minecraft:stone_sword":3,"minecraft:raw_iron":1,"minecraft:oak_planks":4,"minecraft:iron_boots":1,"minecraft:cooked_mutton":1,"minecraft:filled_map":1,"minecraft:chest":23,"minecraft:stone_pickaxe":2},"minecraft:killed_by":{"minecraft:player":1,"minecraft:creeper":1,"minecraft:skeleton":1}},"DataVersion":3465}