{"stats":{"minecraft:broken":{"minecraft:golden_sword":1},"minecraft:picked_up":{"minecraft:crafting_table":14,"minecraft:wheat":17,"minecraft:chicken":1,"minecraft:brown_mushroom":1,"minecraft:potion":2,"minecraft:golden_sword":1,"minecraft:string":1,"minecraft:cooked_salmon":8,"minecraft:large_fern":4,"minecraft:flint_and_steel":1,"minecraft:iron_shovel":1,"minecraft:cobbled_deepslate":29,"minecraft:spruce_planks":4,"minecraft:beef":3,"minecraft:oak_boat":2,"minecraft:iron_nugget":35,"minecraft:iron_pickaxe":1,"minecraft:sugar_cane":2,"minecraft:chest":25,"minecraft:furnace":2,"minecraft:iron_boots":1,"minecraft:egg":1,"minecraft:golden_helmet":1,"minecraft:stick":34,"minecraft:raw_iron":59,"minecraft:sandstone":3,"minecraft:torch":18,"minecraft:fire_charge":1,"minecraft:diorite":10,"minecraft:carrot":19,"minecraft:tnt":1,"minecraft:stone_sword":1,"minecraft:cooked_cod":4,"minecraft:pumpkin_pie":1,"minecraft:golden_hoe":1,"minecraft:gold_ingot":19,"minecraft:obsidian":1,"minecraft:mutton":2,"minecraft:white_wool":3,"minecraft:cobblestone":344,"minecraft:birch_log":7,"minecraft:leather_chestplate":1,"minecraft:feather":1,"minecraft:clock":1,"minecraft:cooked_beef":12,"minecraft:andesite":18,"minecraft:leather":6,"minecraft:potato":16,"minecraft:filled_map":1,"minecraft:flint":5,"minecraft:tuff":8,"minecraft:oak_log":106,"minecraft:lapis_lazuli":58,"minecraft:paper":1,"minecraft:map":2,"minecraft:dirt":68,"minecraft:cooked_mutton":4,"minecraft:apple":5,"minecraft:wheat_seeds":51,"minecraft:heart_of_the_sea":2,"minecraft:grindstone":1,"minecraft:iron_ingot":20,"minecraft:stone_pickaxe":3,"minecraft:iron_sword":1,"minecraft:stone_hoe":1,"minecraft:oak_planks":72,"minecraft:cooked_porkchop":3,"minecraft:sweet_berries":35,"minecraft:gravel":18,"minecraft:sand":13,"minecraft:spruce_sapling":22,"minecraft:white_bed":1,"minecraft:spruce_log":28,"minecraft:pumpkin_seeds":5,"minecraft:purple_bed":1,"minecraft:diamond":43,"minecraft:stone_axe":3,"minecraft:granite":2,"minecraft:spruce_sign":2,"minecraft:emerald":9,"minecraft:bread":59,"minecraft:oak_sapling":51,"minecraft:coal":104},"minecraft:custom":{"minecraft:mob_kills":8,"minecraft:interact_with_crafting_table":49,"minecraft:leave_game":9,"minecraft:time_since_death":6725,"minecraft:climb_one_cm":1361,"minecraft:sprint_one_cm":153,"minecraft:walk_one_cm":27037,"minecraft:damage_blocked_by_shield":1563,"minecraft:drop":44,"minecraft:talked_to_villager":1,"minecraft:play_time":102258,"minecraft:deaths":6,"minecraft:sneak_time":1541,"minecraft:walk_under_water_one_cm":13107,"minecraft:boat_one_cm":78967,"minecraft:jump":2086,"minecraft:walk_on_water_one_cm":17201,"minecraft:total_world_time":102258,"minecraft:interact_with_furnace":9,"minecraft:time_since_rest":6762,"minecraft:damage_taken":2728,"minecraft:damage_dealt":3327,"minecraft:swim_one_cm":85017,"minecraft:fly_one_cm":703389,"minecraft:player_kills":4,"minecraft:open_chest":10,"minecraft:crouch_one_cm":849,"minecraft:fall_one_cm":61285},"minecraft:killed":{"minecraft:spider":1,"minecraft:chicken":1,"minecraft:sheep":1,"minecraft:zombie":4,"minecraft:cow":1},"minecraft:crafted":{"minecraft:wooden_sword":3,"minecraft:oak_planks":184,"minecraft:furnace":3,"minecraft:cooked_mutton":2,"minecraft:iron_boots":1,"minecraft:iron_axe":2,"minecraft:stone_pickaxe":6,"minecraft:diamond_boots":1,"minecraft:diamond_sword":1,"minecraft:crafting_table":7,"minecraft:spruce_planks":80,"minecraft:wooden_pickaxe":6,"minecraft:iron_helmet":2,"minecraft:iron_sword":1,"minecraft:stone_axe":6,"minecraft:air":0,"minecraft:oak_boat":2,"minecraft:iron_chestplate":1,"minecraft:shield":2,"minecraft:stick":56,"minecraft:iron_pickaxe":1,"minecraft:iron_ingot":34,"minecraft:stone_sword":4,"minecraft:iron_leggings":1},"minecraft:mined":{"minecraft:diamond_ore":6,"minecraft:tuff":8,"minecraft:spruce_planks":4,"minecraft:deepslate_diamond_ore":33,"minecraft:granite":2,"minecraft:grass_block":26,"minecraft:spruce_leaves":32,"minecraft:sandstone":3,"minecraft:furnace":1,"minecraft:iron_ore":56,"minecraft:fire":11,"minecraft:andesite":18,"minecraft:deepslate_iron_ore":3,"minecraft:dirt_path":1,"minecraft:stone":360,"minecraft:crafting_table":13,"minecraft:torch":1,"minecraft:chest":16,"minecraft:dead_bush":2,"minecraft:cobblestone":4,"minecraft:lapis_ore":8,"minecraft:grindstone":1,"minecraft:oak_planks":10,"minecraft:diorite":30,"minecraft:wall_torch":1,"minecraft:spruce_sign":1,"minecraft:purple_bed":1,"minecraft:birch_log":7,"minecraft:spruce_log":8,"minecraft:grass":3,"minecraft:oak_log":106,"minecraft:coal_ore":27,"minecraft:gravel":20,"minecraft:sand":13,"minecraft:dirt":41,"minecraft:smooth_basalt":2,"minecraft:oak_leaves":15,"minecraft:deepslate":138,"minecraft:suspicious_gravel":1},"minecraft:used":{"minecraft:stone_sword":16,"minecraft:iron_shovel":3,"minecraft:flint_and_steel":14,"minecraft:spruce_planks":30,"minecraft:shield":10,"minecraft:iron_sword":9,"minecraft:dirt":29,"minecraft:iron_axe":4,"minecraft:golden_sword":22,"minecraft:oak_sapling":12,"minecraft:furnace":1,"minecraft:egg":1,"minecraft:cobbled_deepslate":10,"minecraft:cooked_mutton":5,"minecraft:stone_pickaxe":311,"minecraft:oak_planks":31,"minecraft:wooden_pickaxe":140,"minecraft:spruce_sign":1,"minecraft:crafting_table":14,"minecraft:apple":2,"minecraft:bread":12,"minecraft:iron_pickaxe":296,"minecraft:map":2,"minecraft:gravel":14,"minecraft:stone_axe":188,"minecraft:diamond_sword":19,"minecraft:wooden_sword":1,"minecraft:cobblestone":41,"minecraft:oak_boat":4},"minecraft:dropped":{"minecraft:crafting_table":1,"minecraft:iron_helmet":1,"minecraft:stick":1,"minecraft:dirt":9,"minecraft:torch":2,"minecraft:pumpkin_pie":1,"minecraft:white_wool":2,"minecraft:furnace":1,"minecraft:stone_axe":2,"minecraft:stone_sword":3,"minecraft:raw_iron":1,"minecraft:oak_planks":4,"minecraft:iron_boots":1,"minecraft:cooked_mutton":1,"minecraft:filled_map":1,"minecraft:chest":23,"minecraft:stone_pickaxe":2},"minecraft:killed_by":{"minecraft:player":1,"minecraft:creeper":2,"minecraft:skeleton":1}},"DataVersion":3465}