{"stats":{"minecraft:broken":{"minecraft:golden_sword":1},"minecraft:picked_up":{"minecraft:birch_log":7,"minecraft:cooked_beef":12,"minecraft:crafting_table":9,"minecraft:wheat":17,"minecraft:clock":1,"minecraft:feather":1,"minecraft:chicken":1,"minecraft:andesite":15,"minecraft:leather":4,"minecraft:potato":16,"minecraft:filled_map":1,"minecraft:flint":4,"minecraft:tuff":8,"minecraft:oak_log":28,"minecraft:golden_sword":1,"minecraft:map":2,"minecraft:dirt":28,"minecraft:string":1,"minecraft:paper":1,"minecraft:large_fern":4,"minecraft:flint_and_steel":1,"minecraft:cooked_mutton":4,"minecraft:iron_shovel":1,"minecraft:wheat_seeds":51,"minecraft:cobbled_deepslate":29,"minecraft:spruce_planks":4,"minecraft:grindstone":1,"minecraft:stone_pickaxe":3,"minecraft:iron_nugget":35,"minecraft:iron_pickaxe":1,"minecraft:sugar_cane":2,"minecraft:chest":24,"minecraft:stone_hoe":1,"minecraft:oak_planks":71,"minecraft:furnace":2,"minecraft:iron_boots":1,"minecraft:egg":1,"minecraft:golden_helmet":1,"minecraft:stick":16,"minecraft:raw_iron":39,"minecraft:cooked_porkchop":3,"minecraft:sweet_berries":35,"minecraft:torch":18,"minecraft:gravel":5,"minecraft:fire_charge":1,"minecraft:sand":1,"minecraft:spruce_sapling":22,"minecraft:white_bed":1,"minecraft:spruce_log":28,"minecraft:carrot":19,"minecraft:stone_sword":1,"minecraft:purple_bed":1,"minecraft:pumpkin_seeds":5,"minecraft:pumpkin_pie":1,"minecraft:diamond":36,"minecraft:golden_hoe":1,"minecraft:stone_axe":3,"minecraft:granite":2,"minecraft:spruce_sign":2,"minecraft:gold_ingot":3,"minecraft:emerald":5,"minecraft:bread":59,"minecraft:oak_sapling":4,"minecraft:obsidian":1,"minecraft:mutton":2,"minecraft:coal":84,"minecraft:white_wool":3,"minecraft:cobblestone":264},"minecraft:custom":{"minecraft:interact_with_furnace":8,"minecraft:mob_kills":5,"minecraft:interact_with_crafting_table":36,"minecraft:leave_game":7,"minecraft:time_since_death":17795,"minecraft:climb_one_cm":964,"minecraft:time_since_rest":17824,"minecraft:sprint_one_cm":153,"minecraft:damage_taken":1525,"minecraft:walk_one_cm":15160,"minecraft:damage_blocked_by_shield":663,"minecraft:drop":42,"minecraft:damage_dealt":2419,"minecraft:talked_to_villager":1,"minecraft:swim_one_cm":37242,"minecraft:player_kills":4,"minecraft:fly_one_cm":551509,"minecraft:open_chest":7,"minecraft:crouch_one_cm":539,"minecraft:play_time":67127,"minecraft:deaths":3,"minecraft:sneak_time":939,"minecraft:walk_under_water_one_cm":3575,"minecraft:jump":1594,"minecraft:walk_on_water_one_cm":5260,"minecraft:total_world_time":67127,"minecraft:fall_one_cm":44668},"minecraft:killed":{"minecraft:sheep":1,"minecraft:zombie":3,"minecraft:chicken":1},"minecraft:crafted":{"minecraft:wooden_sword":3,"minecraft:oak_planks":112,"minecraft:diamond_sword":1,"minecraft:crafting_table":5,"minecraft:wooden_pickaxe":4,"minecraft:iron_helmet":2,"minecraft:iron_sword":1,"minecraft:furnace":1,"minecraft:stone_axe":4,"minecraft:air":0,"minecraft:iron_boots":1,"minecraft:iron_chestplate":1,"minecraft:shield":2,"minecraft:iron_axe":2,"minecraft:stick":48,"minecraft:iron_ingot":34,"minecraft:iron_pickaxe":1,"minecraft:stone_pickaxe":4,"minecraft:stone_sword":3,"minecraft:diamond_boots":1,"minecraft:iron_leggings":1},"minecraft:mined":{"minecraft:diamond_ore":6,"minecraft:tuff":8,"minecraft:spruce_planks":4,"minecraft:deepslate_diamond_ore":30,"minecraft:crafting_table":8,"minecraft:granite":2,"minecraft:grass_block":11,"minecraft:chest":14,"minecraft:cobblestone":4,"minecraft:spruce_leaves":32,"minecraft:grindstone":1,"minecraft:oak_planks":9,"minecraft:spruce_sign":1,"minecraft:diorite":14,"minecraft:wall_torch":1,"minecraft:purple_bed":1,"minecraft:furnace":1,"minecraft:birch_log":7,"minecraft:iron_ore":38,"minecraft:fire":11,"minecraft:spruce_log":8,"minecraft:andesite":15,"minecraft:coal_ore":6,"minecraft:oak_log":28,"minecraft:deepslate_iron_ore":1,"minecraft:sand":1,"minecraft:gravel":6,"minecraft:dirt":17,"minecraft:stone":219,"minecraft:deepslate":123},"minecraft:used":{"minecraft:cooked_mutton":4,"minecraft:stone_sword":16,"minecraft:flint_and_steel":14,"minecraft:stone_pickaxe":189,"minecraft:oak_planks":24,"minecraft:wooden_pickaxe":101,"minecraft:shield":4,"minecraft:spruce_sign":1,"minecraft:dirt":5,"minecraft:crafting_table":10,"minecraft:map":2,"minecraft:bread":9,"minecraft:iron_axe":4,"minecraft:iron_pickaxe":190,"minecraft:gravel":1,"minecraft:stone_axe":101,"minecraft:golden_sword":22,"minecraft:diamond_sword":19,"minecraft:wooden_sword":1,"minecraft:cobblestone":33,"minecraft:furnace":1,"minecraft:egg":1,"minecraft:cobbled_deepslate":10},"minecraft:killed_by":{"minecraft:player":1,"minecraft:creeper":1},"minecraft:dropped":{"minecraft:furnace":1,"minecraft:stone_axe":2,"minecraft:stone_sword":3,"minecraft:crafting_table":1,"minecraft:raw_iron":1,"minecraft:iron_helmet":1,"minecraft:oak_planks":4,"minecraft:iron_boots":1,"minecraft:stick":1,"minecraft:filled_map":1,"minecraft:dirt":5,"minecraft:torch":2,"minecraft:chest":23,"minecraft:pumpkin_pie":1,"minecraft:stone_pickaxe":2,"minecraft:white_wool":2}},"DataVersion":3465}