{"stats":{"minecraft:broken":{"minecraft:golden_sword":1},"minecraft:picked_up":{"minecraft:crafting_table":18,"minecraft:wheat":17,"minecraft:chicken":1,"minecraft:suspicious_stew":1,"minecraft:brown_mushroom":1,"minecraft:wooden_pickaxe":1,"minecraft:oak_stairs":2,"minecraft:potion":3,"minecraft:golden_sword":1,"minecraft:string":1,"minecraft:cooked_salmon":18,"minecraft:large_fern":4,"minecraft:flint_and_steel":3,"minecraft:iron_shovel":1,"minecraft:gold_nugget":10,"minecraft:cobbled_deepslate":29,"minecraft:spruce_planks":10,"minecraft:beef":3,"minecraft:oak_boat":5,"minecraft:iron_nugget":63,"minecraft:iron_pickaxe":1,"minecraft:sugar_cane":2,"minecraft:chest":33,"minecraft:furnace":3,"minecraft:iron_boots":1,"minecraft:egg":1,"minecraft:golden_helmet":1,"minecraft:stick":43,"minecraft:raw_iron":66,"minecraft:sandstone":3,"minecraft:torch":18,"minecraft:fire_charge":2,"minecraft:diorite":10,"minecraft:carrot":41,"minecraft:tnt":3,"minecraft:stone_sword":1,"minecraft:rotten_flesh":6,"minecraft:cooked_cod":8,"minecraft:pumpkin_pie":1,"minecraft:golden_hoe":1,"minecraft:gold_ingot":33,"minecraft:obsidian":3,"minecraft:mutton":2,"minecraft:white_wool":3,"minecraft:cobblestone":359,"minecraft:birch_log":7,"minecraft:leather_chestplate":1,"minecraft:feather":5,"minecraft:clock":1,"minecraft:cooked_beef":12,"minecraft:andesite":18,"minecraft:leather":6,"minecraft:golden_leggings":1,"minecraft:potato":16,"minecraft:filled_map":2,"minecraft:flint":5,"minecraft:tuff":8,"minecraft:oak_log":121,"minecraft:lily_pad":1,"minecraft:gunpowder":4,"minecraft:lapis_lazuli":73,"minecraft:paper":1,"minecraft:map":2,"minecraft:dirt":71,"minecraft:cooked_mutton":4,"minecraft:coast_armor_trim_smithing_template":1,"minecraft:apple":9,"minecraft:kelp":2,"minecraft:wheat_seeds":51,"minecraft:heart_of_the_sea":4,"minecraft:grindstone":1,"minecraft:iron_ingot":41,"minecraft:stone_pickaxe":3,"minecraft:iron_sword":2,"minecraft:stone_hoe":1,"minecraft:oak_planks":73,"minecraft:cooked_porkchop":3,"minecraft:sweet_berries":35,"minecraft:gravel":18,"minecraft:jungle_planks":9,"minecraft:sand":27,"minecraft:spruce_sapling":22,"minecraft:white_bed":1,"minecraft:spruce_log":28,"minecraft:pumpkin_seeds":5,"minecraft:purple_bed":1,"minecraft:diamond":45,"minecraft:stone_axe":3,"minecraft:granite":2,"minecraft:spruce_sign":2,"minecraft:emerald":33,"minecraft:bread":59,"minecraft:oak_sapling":64,"minecraft:coal":128},"minecraft:custom":{"minecraft:mob_kills":10,"minecraft:interact_with_crafting_table":57,"minecraft:leave_game":10,"minecraft:time_since_death":16777,"minecraft:climb_one_cm":2129,"minecraft:sprint_one_cm":153,"minecraft:walk_one_cm":29630,"minecraft:damage_blocked_by_shield":1563,"minecraft:drop":56,"minecraft:talked_to_villager":1,"minecraft:play_time":123057,"minecraft:deaths":7,"minecraft:sneak_time":2392,"minecraft:walk_under_water_one_cm":22723,"minecraft:boat_one_cm":310411,"minecraft:jump":2401,"minecraft:walk_on_water_one_cm":25043,"minecraft:total_world_time":123057,"minecraft:interact_with_furnace":13,"minecraft:time_since_rest":16803,"minecraft:damage_taken":2998,"minecraft:damage_dealt":3840,"minecraft:swim_one_cm":111357,"minecraft:fly_one_cm":784177,"minecraft:player_kills":4,"minecraft:open_chest":14,"minecraft:crouch_one_cm":1358,"minecraft:fall_one_cm":67010},"minecraft:killed":{"minecraft:spider":2,"minecraft:chicken":1,"minecraft:sheep":1,"minecraft:zombie":5,"minecraft:cow":1},"minecraft:crafted":{"minecraft:wooden_sword":3,"minecraft:oak_planks":244,"minecraft:furnace":3,"minecraft:cooked_mutton":2,"minecraft:iron_boots":1,"minecraft:iron_axe":3,"minecraft:stone_pickaxe":7,"minecraft:diamond_boots":1,"minecraft:diamond_sword":1,"minecraft:crafting_table":8,"minecraft:spruce_planks":80,"minecraft:wooden_pickaxe":7,"minecraft:iron_helmet":2,"minecraft:iron_sword":2,"minecraft:stone_axe":7,"minecraft:air":0,"minecraft:oak_boat":4,"minecraft:iron_chestplate":1,"minecraft:shield":3,"minecraft:stick":56,"minecraft:iron_pickaxe":2,"minecraft:iron_ingot":43,"minecraft:stone_sword":4,"minecraft:iron_leggings":1},"minecraft:mined":{"minecraft:diamond_ore":6,"minecraft:tuff":8,"minecraft:spruce_planks":10,"minecraft:deepslate_diamond_ore":33,"minecraft:granite":2,"minecraft:grass_block":26,"minecraft:jungle_planks":10,"minecraft:spruce_leaves":32,"minecraft:kelp":1,"minecraft:sandstone":8,"minecraft:furnace":2,"minecraft:iron_ore":56,"minecraft:fire":11,"minecraft:andesite":18,"minecraft:deepslate_iron_ore":3,"minecraft:dirt_path":1,"minecraft:oak_stairs":1,"minecraft:stone":375,"minecraft:kelp_plant":1,"minecraft:crafting_table":17,"minecraft:torch":1,"minecraft:chest":22,"minecraft:dead_bush":2,"minecraft:cobblestone":4,"minecraft:lapis_ore":8,"minecraft:grindstone":1,"minecraft:oak_planks":11,"minecraft:diorite":30,"minecraft:wall_torch":1,"minecraft:spruce_sign":1,"minecraft:purple_bed":1,"minecraft:birch_log":7,"minecraft:spruce_log":9,"minecraft:grass":3,"minecraft:oak_log":122,"minecraft:coal_ore":41,"minecraft:gravel":20,"minecraft:sand":19,"minecraft:dirt":44,"minecraft:smooth_basalt":2,"minecraft:oak_leaves":15,"minecraft:deepslate":138,"minecraft:suspicious_gravel":1},"minecraft:used":{"minecraft:stone_sword":16,"minecraft:iron_shovel":3,"minecraft:flint_and_steel":14,"minecraft:spruce_planks":30,"minecraft:shield":10,"minecraft:iron_sword":17,"minecraft:dirt":29,"minecraft:iron_axe":6,"minecraft:golden_sword":22,"minecraft:oak_sapling":12,"minecraft:furnace":2,"minecraft:egg":1,"minecraft:cobbled_deepslate":10,"minecraft:cooked_mutton":5,"minecraft:stone_pickaxe":335,"minecraft:oak_planks":51,"minecraft:wooden_pickaxe":154,"minecraft:spruce_sign":1,"minecraft:crafting_table":18,"minecraft:apple":3,"minecraft:bread":12,"minecraft:iron_pickaxe":297,"minecraft:map":2,"minecraft:gravel":14,"minecraft:stone_axe":231,"minecraft:diamond_sword":19,"minecraft:wooden_sword":1,"minecraft:cobblestone":53,"minecraft:oak_boat":8},"minecraft:dropped":{"minecraft:crafting_table":1,"minecraft:feather":4,"minecraft:iron_helmet":1,"minecraft:jungle_planks":9,"minecraft:stick":1,"minecraft:dirt":9,"minecraft:torch":2,"minecraft:oak_stairs":2,"minecraft:pumpkin_pie":1,"minecraft:sand":6,"minecraft:lily_pad":1,"minecraft:white_wool":2,"minecraft:furnace":1,"minecraft:stone_axe":2,"minecraft:kelp":2,"minecraft:stone_sword":3,"minecraft:raw_iron":1,"minecraft:oak_planks":4,"minecraft:iron_boots":1,"minecraft:cooked_mutton":1,"minecraft:filled_map":1,"minecraft:chest":26,"minecraft:wooden_pickaxe":2,"minecraft:stone_pickaxe":2},"minecraft:killed_by":{"minecraft:player":2,"minecraft:creeper":2,"minecraft:skeleton":1}},"DataVersion":3465}