{"stats":{"minecraft:broken":{"minecraft:golden_sword":1},"minecraft:picked_up":{"minecraft:crafting_table":5,"minecraft:feather":1,"minecraft:clock":1,"minecraft:cooked_beef":12,"minecraft:chicken":1,"minecraft:andesite":3,"minecraft:leather":4,"minecraft:flint":2,"minecraft:oak_log":16,"minecraft:golden_sword":1,"minecraft:dirt":18,"minecraft:string":1,"minecraft:flint_and_steel":1,"minecraft:cooked_mutton":4,"minecraft:stone_pickaxe":1,"minecraft:iron_nugget":17,"minecraft:sugar_cane":2,"minecraft:chest":1,"minecraft:oak_planks":71,"minecraft:egg":1,"minecraft:furnace":1,"minecraft:raw_iron":32,"minecraft:cooked_porkchop":3,"minecraft:sweet_berries":24,"minecraft:torch":16,"minecraft:gravel":5,"minecraft:fire_charge":1,"minecraft:sand":1,"minecraft:white_bed":1,"minecraft:spruce_log":8,"minecraft:stone_axe":1,"minecraft:granite":2,"minecraft:bread":30,"minecraft:mutton":2,"minecraft:coal":41,"minecraft:white_wool":3,"minecraft:cobblestone":171},"minecraft:custom":{"minecraft:interact_with_furnace":2,"minecraft:mob_kills":2,"minecraft:interact_with_crafting_table":19,"minecraft:leave_game":3,"minecraft:time_since_death":23988,"minecraft:time_since_rest":24013,"minecraft:sprint_one_cm":40,"minecraft:damage_taken":542,"minecraft:walk_one_cm":6793,"minecraft:damage_blocked_by_shield":18,"minecraft:drop":13,"minecraft:damage_dealt":809,"minecraft:swim_one_cm":25163,"minecraft:fly_one_cm":285338,"minecraft:player_kills":1,"minecraft:open_chest":3,"minecraft:crouch_one_cm":15,"minecraft:play_time":28860,"minecraft:deaths":1,"minecraft:sneak_time":113,"minecraft:walk_under_water_one_cm":2659,"minecraft:jump":747,"minecraft:walk_on_water_one_cm":1996,"minecraft:total_world_time":28860,"minecraft:fall_one_cm":19460},"minecraft:killed":{"minecraft:sheep":1,"minecraft:chicken":1},"minecraft:crafted":{"minecraft:wooden_sword":1,"minecraft:oak_planks":64,"minecraft:diamond_sword":1,"minecraft:crafting_table":2,"minecraft:iron_helmet":1,"minecraft:wooden_pickaxe":2,"minecraft:furnace":1,"minecraft:stone_axe":2,"minecraft:air":0,"minecraft:iron_boots":1,"minecraft:iron_chestplate":1,"minecraft:shield":1,"minecraft:stick":20,"minecraft:iron_pickaxe":1,"minecraft:iron_ingot":16,"minecraft:stone_pickaxe":2,"minecraft:stone_sword":2,"minecraft:iron_leggings":1},"minecraft:mined":{"minecraft:crafting_table":4,"minecraft:granite":2,"minecraft:grass_block":7,"minecraft:chest":1,"minecraft:cobblestone":1,"minecraft:spruce_leaves":18,"minecraft:oak_planks":9,"minecraft:diorite":14,"minecraft:iron_ore":32,"minecraft:fire":4,"minecraft:spruce_log":8,"minecraft:andesite":3,"minecraft:oak_log":16,"minecraft:gravel":6,"minecraft:sand":1,"minecraft:dirt":11,"minecraft:stone":129},"minecraft:used":{"minecraft:cooked_mutton":4,"minecraft:stone_sword":16,"minecraft:flint_and_steel":7,"minecraft:stone_pickaxe":135,"minecraft:oak_planks":14,"minecraft:wooden_pickaxe":32,"minecraft:shield":1,"minecraft:crafting_table":5,"minecraft:iron_pickaxe":17,"minecraft:gravel":1,"minecraft:stone_axe":30,"minecraft:golden_sword":22,"minecraft:furnace":1,"minecraft:egg":1},"minecraft:killed_by":{"minecraft:player":1},"minecraft:dropped":{"minecraft:stone_sword":2,"minecraft:oak_planks":3,"minecraft:stick":1,"minecraft:dirt":4,"minecraft:stone_pickaxe":1,"minecraft:white_wool":2}},"DataVersion":3465}