{"stats":{"minecraft:broken":{"minecraft:golden_sword":1},"minecraft:picked_up":{"minecraft:crafting_table":6,"minecraft:feather":1,"minecraft:clock":1,"minecraft:cooked_beef":12,"minecraft:chicken":1,"minecraft:andesite":3,"minecraft:leather":4,"minecraft:flint":2,"minecraft:oak_log":21,"minecraft:golden_sword":1,"minecraft:dirt":18,"minecraft:string":1,"minecraft:flint_and_steel":1,"minecraft:cooked_mutton":4,"minecraft:cobbled_deepslate":14,"minecraft:stone_pickaxe":1,"minecraft:iron_nugget":17,"minecraft:sugar_cane":2,"minecraft:chest":1,"minecraft:oak_planks":71,"minecraft:iron_boots":1,"minecraft:egg":1,"minecraft:furnace":2,"minecraft:stick":7,"minecraft:raw_iron":33,"minecraft:cooked_porkchop":3,"minecraft:sweet_berries":24,"minecraft:torch":16,"minecraft:gravel":5,"minecraft:fire_charge":1,"minecraft:sand":1,"minecraft:white_bed":1,"minecraft:spruce_log":8,"minecraft:diamond":36,"minecraft:stone_axe":1,"minecraft:granite":2,"minecraft:bread":30,"minecraft:oak_sapling":4,"minecraft:mutton":2,"minecraft:coal":78,"minecraft:white_wool":3,"minecraft:cobblestone":198},"minecraft:custom":{"minecraft:interact_with_furnace":8,"minecraft:mob_kills":5,"minecraft:interact_with_crafting_table":28,"minecraft:leave_game":3,"minecraft:time_since_death":1570,"minecraft:climb_one_cm":350,"minecraft:time_since_rest":1597,"minecraft:sprint_one_cm":40,"minecraft:damage_taken":1148,"minecraft:walk_one_cm":10315,"minecraft:damage_blocked_by_shield":663,"minecraft:drop":22,"minecraft:damage_dealt":1749,"minecraft:swim_one_cm":25163,"minecraft:fly_one_cm":317595,"minecraft:player_kills":1,"minecraft:open_chest":3,"minecraft:crouch_one_cm":324,"minecraft:play_time":40860,"minecraft:deaths":2,"minecraft:sneak_time":495,"minecraft:walk_under_water_one_cm":2659,"minecraft:jump":913,"minecraft:walk_on_water_one_cm":2934,"minecraft:total_world_time":40860,"minecraft:fall_one_cm":24085},"minecraft:killed":{"minecraft:sheep":1,"minecraft:zombie":3,"minecraft:chicken":1},"minecraft:crafted":{"minecraft:wooden_sword":2,"minecraft:oak_planks":84,"minecraft:diamond_sword":1,"minecraft:crafting_table":3,"minecraft:iron_helmet":2,"minecraft:wooden_pickaxe":3,"minecraft:furnace":1,"minecraft:stone_axe":2,"minecraft:air":0,"minecraft:iron_boots":1,"minecraft:iron_chestplate":1,"minecraft:shield":1,"minecraft:iron_axe":1,"minecraft:stick":36,"minecraft:iron_pickaxe":1,"minecraft:iron_ingot":32,"minecraft:stone_pickaxe":2,"minecraft:stone_sword":2,"minecraft:diamond_boots":1,"minecraft:iron_leggings":1},"minecraft:mined":{"minecraft:diamond_ore":6,"minecraft:deepslate_diamond_ore":30,"minecraft:crafting_table":5,"minecraft:granite":2,"minecraft:grass_block":7,"minecraft:chest":1,"minecraft:cobblestone":4,"minecraft:spruce_leaves":18,"minecraft:oak_planks":9,"minecraft:diorite":14,"minecraft:furnace":1,"minecraft:iron_ore":32,"minecraft:fire":11,"minecraft:spruce_log":8,"minecraft:andesite":3,"minecraft:oak_log":21,"minecraft:deepslate_iron_ore":1,"minecraft:gravel":6,"minecraft:sand":1,"minecraft:dirt":11,"minecraft:stone":153,"minecraft:deepslate":108},"minecraft:used":{"minecraft:cooked_mutton":4,"minecraft:stone_sword":16,"minecraft:flint_and_steel":14,"minecraft:stone_pickaxe":135,"minecraft:oak_planks":19,"minecraft:wooden_pickaxe":32,"minecraft:shield":4,"minecraft:crafting_table":7,"minecraft:bread":5,"minecraft:iron_axe":1,"minecraft:iron_pickaxe":190,"minecraft:gravel":1,"minecraft:stone_axe":30,"minecraft:golden_sword":22,"minecraft:diamond_sword":19,"minecraft:cobblestone":27,"minecraft:furnace":1,"minecraft:egg":1,"minecraft:cobbled_deepslate":10},"minecraft:killed_by":{"minecraft:player":1,"minecraft:creeper":1},"minecraft:dropped":{"minecraft:furnace":1,"minecraft:stone_axe":2,"minecraft:stone_sword":2,"minecraft:crafting_table":1,"minecraft:raw_iron":1,"minecraft:iron_helmet":1,"minecraft:oak_planks":4,"minecraft:iron_boots":1,"minecraft:stick":1,"minecraft:dirt":4,"minecraft:stone_pickaxe":2,"minecraft:white_wool":2}},"DataVersion":3465}