{"stats":{"minecraft:broken":{"minecraft:golden_sword":1},"minecraft:dropped":{"minecraft:stone_sword":1},"minecraft:crafted":{"minecraft:wooden_sword":1,"minecraft:oak_planks":64,"minecraft:shield":1,"minecraft:crafting_table":2,"minecraft:stick":16,"minecraft:iron_ingot":1,"minecraft:wooden_pickaxe":2,"minecraft:stone_pickaxe":2,"minecraft:stone_sword":2,"minecraft:stone_axe":2},"minecraft:picked_up":{"minecraft:crafting_table":4,"minecraft:cooked_beef":12,"minecraft:clock":1,"minecraft:cooked_porkchop":3,"minecraft:sweet_berries":24,"minecraft:andesite":3,"minecraft:leather":4,"minecraft:torch":16,"minecraft:gravel":5,"minecraft:fire_charge":1,"minecraft:flint":2,"minecraft:oak_log":16,"minecraft:white_bed":1,"minecraft:golden_sword":1,"minecraft:spruce_log":8,"minecraft:string":1,"minecraft:dirt":10,"minecraft:flint_and_steel":1,"minecraft:cooked_mutton":4,"minecraft:stone_axe":1,"minecraft:stone_pickaxe":1,"minecraft:granite":2,"minecraft:bread":30,"minecraft:iron_nugget":17,"minecraft:chest":1,"minecraft:mutton":2,"minecraft:oak_planks":61,"minecraft:coal":41,"minecraft:egg":1,"minecraft:white_wool":1,"minecraft:cobblestone":100,"minecraft:furnace":1},"minecraft:killed_by":{"minecraft:player":1},"minecraft:killed":{"minecraft:sheep":1},"minecraft:custom":{"minecraft:time_since_rest":9831,"minecraft:sprint_one_cm":40,"minecraft:damage_taken":265,"minecraft:walk_one_cm":5166,"minecraft:mob_kills":1,"minecraft:drop":1,"minecraft:damage_dealt":472,"minecraft:player_kills":1,"minecraft:swim_one_cm":25163,"minecraft:interact_with_crafting_table":9,"minecraft:fly_one_cm":128627,"minecraft:play_time":14678,"minecraft:deaths":1,"minecraft:sneak_time":54,"minecraft:walk_under_water_one_cm":2659,"minecraft:jump":404,"minecraft:walk_on_water_one_cm":1427,"minecraft:time_since_death":9806,"minecraft:total_world_time":14678,"minecraft:fall_one_cm":12645},"minecraft:used":{"minecraft:cooked_mutton":1,"minecraft:stone_sword":3,"minecraft:stone_pickaxe":18,"minecraft:oak_planks":2,"minecraft:wooden_pickaxe":32,"minecraft:gravel":1,"minecraft:stone_axe":18,"minecraft:golden_sword":22,"minecraft:crafting_table":3},"minecraft:mined":{"minecraft:spruce_log":8,"minecraft:andesite":3,"minecraft:crafting_table":3,"minecraft:granite":2,"minecraft:grass_block":2,"minecraft:oak_log":16,"minecraft:chest":1,"minecraft:gravel":6,"minecraft:dirt":8,"minecraft:cobblestone":1,"minecraft:spruce_leaves":18,"minecraft:stone":43}},"DataVersion":3465}