{"stats":{"minecraft:picked_up":{"minecraft:oak_log":6,"minecraft:gravel":1},"minecraft:custom":{"minecraft:jump":92,"minecraft:time_since_rest":2678,"minecraft:damage_dealt":6,"minecraft:damage_taken":20,"minecraft:walk_on_water_one_cm":499,"minecraft:play_time":2678,"minecraft:time_since_death":2678,"minecraft:walk_one_cm":1072,"minecraft:sneak_time":17,"minecraft:total_world_time":2678,"minecraft:walk_under_water_one_cm":1238,"minecraft:swim_one_cm":9861,"minecraft:fall_one_cm":2945,"minecraft:fly_one_cm":31857},"minecraft:mined":{"minecraft:oak_log":6,"minecraft:gravel":2}},"DataVersion":3465}