{"stats":{"minecraft:broken":{"minecraft:golden_sword":1},"minecraft:picked_up":{"minecraft:crafting_table":9,"minecraft:wheat":17,"minecraft:chicken":1,"minecraft:golden_sword":1,"minecraft:string":1,"minecraft:large_fern":4,"minecraft:flint_and_steel":1,"minecraft:iron_shovel":1,"minecraft:cobbled_deepslate":29,"minecraft:spruce_planks":4,"minecraft:iron_nugget":35,"minecraft:iron_pickaxe":1,"minecraft:sugar_cane":2,"minecraft:chest":24,"minecraft:egg":1,"minecraft:iron_boots":1,"minecraft:furnace":2,"minecraft:golden_helmet":1,"minecraft:stick":16,"minecraft:raw_iron":41,"minecraft:torch":18,"minecraft:fire_charge":1,"minecraft:carrot":19,"minecraft:stone_sword":1,"minecraft:pumpkin_pie":1,"minecraft:golden_hoe":1,"minecraft:gold_ingot":3,"minecraft:mutton":2,"minecraft:obsidian":1,"minecraft:white_wool":3,"minecraft:cobblestone":264,"minecraft:birch_log":7,"minecraft:feather":1,"minecraft:clock":1,"minecraft:cooked_beef":12,"minecraft:andesite":18,"minecraft:leather":4,"minecraft:potato":16,"minecraft:filled_map":1,"minecraft:flint":4,"minecraft:tuff":8,"minecraft:oak_log":28,"minecraft:paper":1,"minecraft:map":2,"minecraft:dirt":33,"minecraft:cooked_mutton":4,"minecraft:wheat_seeds":51,"minecraft:grindstone":1,"minecraft:stone_pickaxe":3,"minecraft:oak_planks":71,"minecraft:stone_hoe":1,"minecraft:cooked_porkchop":3,"minecraft:sweet_berries":35,"minecraft:gravel":5,"minecraft:sand":1,"minecraft:spruce_sapling":22,"minecraft:white_bed":1,"minecraft:spruce_log":28,"minecraft:pumpkin_seeds":5,"minecraft:purple_bed":1,"minecraft:diamond":39,"minecraft:stone_axe":3,"minecraft:granite":2,"minecraft:spruce_sign":2,"minecraft:bread":59,"minecraft:emerald":5,"minecraft:oak_sapling":4,"minecraft:coal":97},"minecraft:custom":{"minecraft:mob_kills":7,"minecraft:interact_with_crafting_table":36,"minecraft:leave_game":7,"minecraft:time_since_death":1480,"minecraft:climb_one_cm":1195,"minecraft:sprint_one_cm":153,"minecraft:walk_one_cm":18383,"minecraft:damage_blocked_by_shield":1563,"minecraft:drop":43,"minecraft:talked_to_villager":1,"minecraft:play_time":79127,"minecraft:deaths":4,"minecraft:sneak_time":1179,"minecraft:walk_under_water_one_cm":6586,"minecraft:jump":1799,"minecraft:walk_on_water_one_cm":8268,"minecraft:total_world_time":79127,"minecraft:interact_with_furnace":9,"minecraft:time_since_rest":1506,"minecraft:damage_taken":1959,"minecraft:damage_dealt":2885,"minecraft:fly_one_cm":612952,"minecraft:swim_one_cm":44897,"minecraft:player_kills":4,"minecraft:open_chest":9,"minecraft:crouch_one_cm":568,"minecraft:fall_one_cm":53706},"minecraft:killed":{"minecraft:spider":1,"minecraft:chicken":1,"minecraft:sheep":1,"minecraft:zombie":4},"minecraft:crafted":{"minecraft:wooden_sword":3,"minecraft:oak_planks":112,"minecraft:furnace":1,"minecraft:cooked_mutton":2,"minecraft:iron_boots":1,"minecraft:iron_axe":2,"minecraft:stone_pickaxe":4,"minecraft:diamond_boots":1,"minecraft:diamond_sword":1,"minecraft:crafting_table":5,"minecraft:spruce_planks":80,"minecraft:wooden_pickaxe":4,"minecraft:iron_helmet":2,"minecraft:iron_sword":1,"minecraft:stone_axe":4,"minecraft:air":0,"minecraft:iron_chestplate":1,"minecraft:shield":2,"minecraft:stick":48,"minecraft:iron_pickaxe":1,"minecraft:iron_ingot":34,"minecraft:stone_sword":3,"minecraft:iron_leggings":1},"minecraft:mined":{"minecraft:diamond_ore":6,"minecraft:tuff":8,"minecraft:spruce_planks":4,"minecraft:deepslate_diamond_ore":33,"minecraft:granite":2,"minecraft:grass_block":11,"minecraft:spruce_leaves":32,"minecraft:furnace":1,"minecraft:iron_ore":38,"minecraft:fire":11,"minecraft:andesite":18,"minecraft:deepslate_iron_ore":3,"minecraft:dirt_path":1,"minecraft:stone":280,"minecraft:crafting_table":8,"minecraft:torch":1,"minecraft:chest":14,"minecraft:cobblestone":4,"minecraft:grindstone":1,"minecraft:oak_planks":9,"minecraft:diorite":20,"minecraft:wall_torch":1,"minecraft:spruce_sign":1,"minecraft:purple_bed":1,"minecraft:birch_log":7,"minecraft:spruce_log":8,"minecraft:grass":1,"minecraft:oak_log":28,"minecraft:coal_ore":20,"minecraft:gravel":6,"minecraft:sand":1,"minecraft:dirt":21,"minecraft:smooth_basalt":2,"minecraft:deepslate":138},"minecraft:used":{"minecraft:stone_sword":16,"minecraft:iron_shovel":3,"minecraft:flint_and_steel":14,"minecraft:spruce_planks":30,"minecraft:shield":10,"minecraft:iron_sword":9,"minecraft:dirt":6,"minecraft:iron_axe":4,"minecraft:golden_sword":22,"minecraft:furnace":1,"minecraft:egg":1,"minecraft:cobbled_deepslate":10,"minecraft:cooked_mutton":5,"minecraft:stone_pickaxe":189,"minecraft:oak_planks":30,"minecraft:wooden_pickaxe":101,"minecraft:spruce_sign":1,"minecraft:crafting_table":10,"minecraft:bread":12,"minecraft:iron_pickaxe":296,"minecraft:map":2,"minecraft:gravel":1,"minecraft:stone_axe":101,"minecraft:diamond_sword":19,"minecraft:wooden_sword":1,"minecraft:cobblestone":33},"minecraft:dropped":{"minecraft:crafting_table":1,"minecraft:iron_helmet":1,"minecraft:stick":1,"minecraft:dirt":9,"minecraft:torch":2,"minecraft:pumpkin_pie":1,"minecraft:white_wool":2,"minecraft:furnace":1,"minecraft:stone_axe":2,"minecraft:stone_sword":3,"minecraft:raw_iron":1,"minecraft:oak_planks":4,"minecraft:iron_boots":1,"minecraft:filled_map":1,"minecraft:chest":23,"minecraft:stone_pickaxe":2},"minecraft:killed_by":{"minecraft:player":1,"minecraft:creeper":1,"minecraft:skeleton":1}},"DataVersion":3465}